status,product_title,image_url
active,Belt 2025 - Beige - 36/37,https://cdn.shopify.com/s/files/1/0559/2694/7921/files/BeltBeigeSeitenansicht.png?v=1767003346
active,Belt 2025 - Beige - 38/39,https://cdn.shopify.com/s/files/1/0559/2694/7921/files/BeltBeigeSeitenansicht.png?v=1767003346
active,Belt 2025 - Beige - 40/41,https://cdn.shopify.com/s/files/1/0559/2694/7921/files/BeltBeigeSeitenansicht.png?v=1767003346
active,Belt 2025 - Beige - 42/43,https://cdn.shopify.com/s/files/1/0559/2694/7921/files/BeltBeigeSeitenansicht.png?v=1767003346
active,Belt 2025 - Beige - 44/45,https://cdn.shopify.com/s/files/1/0559/2694/7921/files/BeltBeigeSeitenansicht.png?v=1767003346
active,Belt 2025 - Hellblau - 36/37,https://cdn.shopify.com/s/files/1/0559/2694/7921/files/BeltHellblauSeitenansicht.jpg?v=1767003151
active,Belt 2025 - Hellblau - 38/39,https://cdn.shopify.com/s/files/1/0559/2694/7921/files/BeltHellblauSeitenansicht.jpg?v=1767003151
active,Belt 2025 - Hellblau - 40/41,https://cdn.shopify.com/s/files/1/0559/2694/7921/files/BeltHellblauSeitenansicht.jpg?v=1767003151
active,Belt 2025 - Hellblau - 42/43,https://cdn.shopify.com/s/files/1/0559/2694/7921/files/BeltHellblauSeitenansicht.jpg?v=1767003151
active,Belt 2025 - Hellblau - 44/45,https://cdn.shopify.com/s/files/1/0559/2694/7921/files/BeltHellblauSeitenansicht.jpg?v=1767003151
active,Belt 2025 - Rosa - 36/37,https://cdn.shopify.com/s/files/1/0559/2694/7921/files/BeltPinkSeitenansicht.jpg?v=1767003346
active,Belt 2025 - Rosa - 38/39,https://cdn.shopify.com/s/files/1/0559/2694/7921/files/BeltPinkSeitenansicht.jpg?v=1767003346
active,Belt 2025 - Rosa - 40/41,https://cdn.shopify.com/s/files/1/0559/2694/7921/files/BeltPinkSeitenansicht.jpg?v=1767003346
active,Belt 2025 - Rosa - 42/43,https://cdn.shopify.com/s/files/1/0559/2694/7921/files/BeltPinkSeitenansicht.jpg?v=1767003346
active,Belt 2025 - Rosa - 44/45,https://cdn.shopify.com/s/files/1/0559/2694/7921/files/BeltPinkSeitenansicht.jpg?v=1767003346
active,Belt 2025 - Schwarz - 36/37,https://cdn.shopify.com/s/files/1/0559/2694/7921/files/24_5c478710-077d-4838-9bc5-91831dd2252c.png?v=1767003672
active,Belt 2025 - Schwarz - 38/39,https://cdn.shopify.com/s/files/1/0559/2694/7921/files/24_5c478710-077d-4838-9bc5-91831dd2252c.png?v=1767003672
active,Belt 2025 - Schwarz - 40/41,https://cdn.shopify.com/s/files/1/0559/2694/7921/files/24_5c478710-077d-4838-9bc5-91831dd2252c.png?v=1767003672
active,Belt 2025 - Schwarz - 42/43,https://cdn.shopify.com/s/files/1/0559/2694/7921/files/24_5c478710-077d-4838-9bc5-91831dd2252c.png?v=1767003672
active,Belt 2025 - Schwarz - 44/45,https://cdn.shopify.com/s/files/1/0559/2694/7921/files/24_5c478710-077d-4838-9bc5-91831dd2252c.png?v=1767003672
active,Belt 2025 - Weiß - 36/37,https://cdn.shopify.com/s/files/1/0559/2694/7921/files/BeltWeissSeitenansicht.jpg?v=1767003672
active,Belt 2025 - Weiß - 38/39,https://cdn.shopify.com/s/files/1/0559/2694/7921/files/BeltWeissSeitenansicht.jpg?v=1767003672
active,Belt 2025 - Weiß - 40/41,https://cdn.shopify.com/s/files/1/0559/2694/7921/files/BeltWeissSeitenansicht.jpg?v=1767003672
active,Belt 2025 - Weiß - 42/43,https://cdn.shopify.com/s/files/1/0559/2694/7921/files/BeltWeissSeitenansicht.jpg?v=1767003672
active,Belt 2025 - Weiß - 44/45,https://cdn.shopify.com/s/files/1/0559/2694/7921/files/BeltWeissSeitenansicht.jpg?v=1767003672
active,Ember - Cocoa Blend - 36/37,https://cdn.shopify.com/s/files/1/0559/2694/7921/files/25-10-14_Pammys_Ember-08_1.png?v=1762588814
active,Ember - Cocoa Blend - 38/39,https://cdn.shopify.com/s/files/1/0559/2694/7921/files/25-10-14_Pammys_Ember-08_1.png?v=1762588814
active,Ember - Cocoa Blend - 40/41,https://cdn.shopify.com/s/files/1/0559/2694/7921/files/25-10-14_Pammys_Ember-08_1.png?v=1762588814
active,Ember - Cocoa Blend - 42/43,https://cdn.shopify.com/s/files/1/0559/2694/7921/files/25-10-14_Pammys_Ember-08_1.png?v=1762588814
active,Ember - Cocoa Blend - 44/45,https://cdn.shopify.com/s/files/1/0559/2694/7921/files/25-10-14_Pammys_Ember-08_1.png?v=1762588814
active,Ember - Ebony Heat - 36/37,https://cdn.shopify.com/s/files/1/0559/2694/7921/files/25-10-14_Pammys_Ember-08_4_b05cc998-183c-49cd-8349-3f170d86f45b.png?v=1762559139
active,Ember - Ebony Heat - 38/39,https://cdn.shopify.com/s/files/1/0559/2694/7921/files/25-10-14_Pammys_Ember-08_4_b05cc998-183c-49cd-8349-3f170d86f45b.png?v=1762559139
active,Ember - Ebony Heat - 40/41,https://cdn.shopify.com/s/files/1/0559/2694/7921/files/25-10-14_Pammys_Ember-08_4_b05cc998-183c-49cd-8349-3f170d86f45b.png?v=1762559139
active,Ember - Ebony Heat - 42/43,https://cdn.shopify.com/s/files/1/0559/2694/7921/files/25-10-14_Pammys_Ember-08_4_b05cc998-183c-49cd-8349-3f170d86f45b.png?v=1762559139
active,Ember - Ebony Heat - 44/45,https://cdn.shopify.com/s/files/1/0559/2694/7921/files/25-10-14_Pammys_Ember-08_4_b05cc998-183c-49cd-8349-3f170d86f45b.png?v=1762559139
active,Ember - Latte Caramel - 36/37,https://cdn.shopify.com/s/files/1/0559/2694/7921/files/25-10-14_Pammys_Ember-08_2_b4bbf4d8-4040-4ef4-8021-ddbfca59576d.png?v=1762588718
active,Ember - Latte Caramel - 38/39,https://cdn.shopify.com/s/files/1/0559/2694/7921/files/25-10-14_Pammys_Ember-08_2_b4bbf4d8-4040-4ef4-8021-ddbfca59576d.png?v=1762588718
active,Ember - Latte Caramel - 40/41,https://cdn.shopify.com/s/files/1/0559/2694/7921/files/25-10-14_Pammys_Ember-08_2_b4bbf4d8-4040-4ef4-8021-ddbfca59576d.png?v=1762588718
active,Ember - Latte Caramel - 42/43,https://cdn.shopify.com/s/files/1/0559/2694/7921/files/25-10-14_Pammys_Ember-08_2_b4bbf4d8-4040-4ef4-8021-ddbfca59576d.png?v=1762588718
active,Ember - Latte Caramel - 44/45,https://cdn.shopify.com/s/files/1/0559/2694/7921/files/25-10-14_Pammys_Ember-08_2_b4bbf4d8-4040-4ef4-8021-ddbfca59576d.png?v=1762588718
active,Ember - Toffee Cream - 36/37,https://cdn.shopify.com/s/files/1/0559/2694/7921/files/25-10-14_Pammys_Ember-08_3_416d302c-3a4e-4251-b2a2-a0f2c65eaf70.png?v=1762559139
active,Ember - Toffee Cream - 38/39,https://cdn.shopify.com/s/files/1/0559/2694/7921/files/25-10-14_Pammys_Ember-08_3_416d302c-3a4e-4251-b2a2-a0f2c65eaf70.png?v=1762559139
active,Ember - Toffee Cream - 40/41,https://cdn.shopify.com/s/files/1/0559/2694/7921/files/25-10-14_Pammys_Ember-08_3_416d302c-3a4e-4251-b2a2-a0f2c65eaf70.png?v=1762559139
active,Ember - Toffee Cream - 42/43,https://cdn.shopify.com/s/files/1/0559/2694/7921/files/25-10-14_Pammys_Ember-08_3_416d302c-3a4e-4251-b2a2-a0f2c65eaf70.png?v=1762559139
active,Ember - Toffee Cream - 44/45,https://cdn.shopify.com/s/files/1/0559/2694/7921/files/25-10-14_Pammys_Ember-08_3_416d302c-3a4e-4251-b2a2-a0f2c65eaf70.png?v=1762559139
active,FlipFlop - Beige - 36/37,https://cdn.shopify.com/s/files/1/0559/2694/7921/files/FlipFlopBeigeSeitenansicht.jpg?v=1767610583
active,FlipFlop - Beige - 38/39,https://cdn.shopify.com/s/files/1/0559/2694/7921/files/FlipFlopBeigeSeitenansicht.jpg?v=1767610583
active,FlipFlop - Beige - 40/41,https://cdn.shopify.com/s/files/1/0559/2694/7921/files/FlipFlopBeigeSeitenansicht.jpg?v=1767610583
active,FlipFlop - Beige - 42/43,https://cdn.shopify.com/s/files/1/0559/2694/7921/files/FlipFlopBeigeSeitenansicht.jpg?v=1767610583
active,FlipFlop - Beige - 44/45,https://cdn.shopify.com/s/files/1/0559/2694/7921/files/FlipFlopBeigeSeitenansicht.jpg?v=1767610583
active,FlipFlop - Hellblau - 36/37,https://cdn.shopify.com/s/files/1/0559/2694/7921/files/FlipFlopHellblauSeitenansicht.jpg?v=1767610822
active,FlipFlop - Hellblau - 38/39,https://cdn.shopify.com/s/files/1/0559/2694/7921/files/FlipFlopHellblauSeitenansicht.jpg?v=1767610822
active,FlipFlop - Hellblau - 40/41,https://cdn.shopify.com/s/files/1/0559/2694/7921/files/FlipFlopHellblauSeitenansicht.jpg?v=1767610822
active,FlipFlop - Hellblau - 42/43,https://cdn.shopify.com/s/files/1/0559/2694/7921/files/FlipFlopHellblauSeitenansicht.jpg?v=1767610822
active,FlipFlop - Hellblau - 44/45,https://cdn.shopify.com/s/files/1/0559/2694/7921/files/FlipFlopHellblauSeitenansicht.jpg?v=1767610822
active,FlipFlop - Rosa - 36/37,https://cdn.shopify.com/s/files/1/0559/2694/7921/files/FlipFlopPinkSeitenansicht.jpg?v=1767610583
active,FlipFlop - Rosa - 38/39,https://cdn.shopify.com/s/files/1/0559/2694/7921/files/FlipFlopPinkSeitenansicht.jpg?v=1767610583
active,FlipFlop - Rosa - 40/41,https://cdn.shopify.com/s/files/1/0559/2694/7921/files/FlipFlopPinkSeitenansicht.jpg?v=1767610583
active,FlipFlop - Rosa - 42/43,https://cdn.shopify.com/s/files/1/0559/2694/7921/files/FlipFlopPinkSeitenansicht.jpg?v=1767610583
active,FlipFlop - Rosa - 44/45,https://cdn.shopify.com/s/files/1/0559/2694/7921/files/FlipFlopPinkSeitenansicht.jpg?v=1767610583
active,FlipFlop - Schwarz - 36/37,https://cdn.shopify.com/s/files/1/0559/2694/7921/files/Schwarz3.jpg?v=1767610583
active,FlipFlop - Schwarz - 38/39,https://cdn.shopify.com/s/files/1/0559/2694/7921/files/Schwarz3.jpg?v=1767610583
active,FlipFlop - Schwarz - 40/41,https://cdn.shopify.com/s/files/1/0559/2694/7921/files/Schwarz3.jpg?v=1767610583
active,FlipFlop - Schwarz - 42/43,https://cdn.shopify.com/s/files/1/0559/2694/7921/files/Schwarz3.jpg?v=1767610583
active,FlipFlop - Schwarz - 44/45,https://cdn.shopify.com/s/files/1/0559/2694/7921/files/Schwarz3.jpg?v=1767610583
active,FlipFlop - Weiß - 36/37,https://cdn.shopify.com/s/files/1/0559/2694/7921/files/FlipFlopWeissSeitenansicht.jpg?v=1767610693
active,FlipFlop - Weiß - 38/39,https://cdn.shopify.com/s/files/1/0559/2694/7921/files/FlipFlopWeissSeitenansicht.jpg?v=1767610693
active,FlipFlop - Weiß - 40/41,https://cdn.shopify.com/s/files/1/0559/2694/7921/files/FlipFlopWeissSeitenansicht.jpg?v=1767610693
active,FlipFlop - Weiß - 42/43,https://cdn.shopify.com/s/files/1/0559/2694/7921/files/FlipFlopWeissSeitenansicht.jpg?v=1767610693
active,FlipFlop - Weiß - 44/45,https://cdn.shopify.com/s/files/1/0559/2694/7921/files/FlipFlopWeissSeitenansicht.jpg?v=1767610693
active,Hearth - Blush - 36/37,https://cdn.shopify.com/s/files/1/0559/2694/7921/files/25-10-14_Pammys_Hearth-08_4.png?v=1764000193
active,Hearth - Blush - 38/39,https://cdn.shopify.com/s/files/1/0559/2694/7921/files/25-10-14_Pammys_Hearth-08_4.png?v=1764000193
active,Hearth - Blush - 40/41,https://cdn.shopify.com/s/files/1/0559/2694/7921/files/25-10-14_Pammys_Hearth-08_4.png?v=1764000193
active,Hearth - Blush - 42/43,https://cdn.shopify.com/s/files/1/0559/2694/7921/files/25-10-14_Pammys_Hearth-08_4.png?v=1764000193
active,Hearth - Blush - 44/45,https://cdn.shopify.com/s/files/1/0559/2694/7921/files/25-10-14_Pammys_Hearth-08_4.png?v=1764000193
active,Hearth - Ebony Heat - 36/37,https://cdn.shopify.com/s/files/1/0559/2694/7921/files/25-10-14_Pammys_Hearth-08_6_1.png?v=1764000193
active,Hearth - Ebony Heat - 38/39,https://cdn.shopify.com/s/files/1/0559/2694/7921/files/25-10-14_Pammys_Hearth-08_6_1.png?v=1764000193
active,Hearth - Ebony Heat - 40/41,https://cdn.shopify.com/s/files/1/0559/2694/7921/files/25-10-14_Pammys_Hearth-08_6_1.png?v=1764000193
active,Hearth - Ebony Heat - 42/43,https://cdn.shopify.com/s/files/1/0559/2694/7921/files/25-10-14_Pammys_Hearth-08_6_1.png?v=1764000193
active,Hearth - Ebony Heat - 44/45,https://cdn.shopify.com/s/files/1/0559/2694/7921/files/25-10-14_Pammys_Hearth-08_6_1.png?v=1764000193
active,Hearth - Frosted Dawn - 36/37,https://cdn.shopify.com/s/files/1/0559/2694/7921/files/25-10-14_Pammys_Hearth-08_5.png?v=1776773952
active,Hearth - Frosted Dawn - 38/39,https://cdn.shopify.com/s/files/1/0559/2694/7921/files/25-10-14_Pammys_Hearth-08_5.png?v=1776773952
active,Hearth - Frosted Dawn - 40/41,https://cdn.shopify.com/s/files/1/0559/2694/7921/files/25-10-14_Pammys_Hearth-08_5.png?v=1776773952
active,Hearth - Frosted Dawn - 42/43,https://cdn.shopify.com/s/files/1/0559/2694/7921/files/25-10-14_Pammys_Hearth-08_5.png?v=1776773952
active,Hearth - Frosted Dawn - 44/45,https://cdn.shopify.com/s/files/1/0559/2694/7921/files/25-10-14_Pammys_Hearth-08_5.png?v=1776773952
active,Hearth - Honey Haze - 36/37,https://cdn.shopify.com/s/files/1/0559/2694/7921/files/25-10-14_Pammys_Hearth-08_3.png?v=1764000193
active,Hearth - Honey Haze - 38/39,https://cdn.shopify.com/s/files/1/0559/2694/7921/files/25-10-14_Pammys_Hearth-08_3.png?v=1764000193
active,Hearth - Honey Haze - 40/41,https://cdn.shopify.com/s/files/1/0559/2694/7921/files/25-10-14_Pammys_Hearth-08_3.png?v=1764000193
active,Hearth - Honey Haze - 42/43,https://cdn.shopify.com/s/files/1/0559/2694/7921/files/25-10-14_Pammys_Hearth-08_3.png?v=1764000193
active,Hearth - Honey Haze - 44/45,https://cdn.shopify.com/s/files/1/0559/2694/7921/files/25-10-14_Pammys_Hearth-08_3.png?v=1764000193
active,Hearth - Mocha Glow - 36/37,https://cdn.shopify.com/s/files/1/0559/2694/7921/files/25-10-14_Pammys_Hearth-08_1.png?v=1764000193
active,Hearth - Mocha Glow - 38/39,https://cdn.shopify.com/s/files/1/0559/2694/7921/files/25-10-14_Pammys_Hearth-08_1.png?v=1764000193
active,Hearth - Mocha Glow - 40/41,https://cdn.shopify.com/s/files/1/0559/2694/7921/files/25-10-14_Pammys_Hearth-08_1.png?v=1764000193
active,Hearth - Mocha Glow - 42/43,https://cdn.shopify.com/s/files/1/0559/2694/7921/files/25-10-14_Pammys_Hearth-08_1.png?v=1764000193
active,Hearth - Mocha Glow - 44/45,https://cdn.shopify.com/s/files/1/0559/2694/7921/files/25-10-14_Pammys_Hearth-08_1.png?v=1764000193
active,Hearth - Vanilla Cozy - 36/37,https://cdn.shopify.com/s/files/1/0559/2694/7921/files/25-10-14_Pammys_Hearth-08_2.png?v=1764000193
active,Hearth - Vanilla Cozy - 38/39,https://cdn.shopify.com/s/files/1/0559/2694/7921/files/25-10-14_Pammys_Hearth-08_2.png?v=1764000193
active,Hearth - Vanilla Cozy - 40/41,https://cdn.shopify.com/s/files/1/0559/2694/7921/files/25-10-14_Pammys_Hearth-08_2.png?v=1764000193
active,Hearth - Vanilla Cozy - 42/43,https://cdn.shopify.com/s/files/1/0559/2694/7921/files/25-10-14_Pammys_Hearth-08_2.png?v=1764000193
active,Hearth - Vanilla Cozy - 44/45,https://cdn.shopify.com/s/files/1/0559/2694/7921/files/25-10-14_Pammys_Hearth-08_2.png?v=1764000193
active,Huggy - Blush - 36/37,https://cdn.shopify.com/s/files/1/0559/2694/7921/files/25-10-14_Pammys_Huggy-08_4.jpg?v=1762589134
active,Huggy - Blush - 38/39,https://cdn.shopify.com/s/files/1/0559/2694/7921/files/25-10-14_Pammys_Huggy-08_4.jpg?v=1762589134
active,Huggy - Blush - 40/41,https://cdn.shopify.com/s/files/1/0559/2694/7921/files/25-10-14_Pammys_Huggy-08_4.jpg?v=1762589134
active,Huggy - Blush - 42/43,https://cdn.shopify.com/s/files/1/0559/2694/7921/files/25-10-14_Pammys_Huggy-08_4.jpg?v=1762589134
active,Huggy - Blush - 44/45,https://cdn.shopify.com/s/files/1/0559/2694/7921/files/25-10-14_Pammys_Huggy-08_4.jpg?v=1762589134
active,Huggy - Ebony Heat - 36/37,https://cdn.shopify.com/s/files/1/0559/2694/7921/files/25-10-14_Pammys_Huggy-08_1.jpg?v=1762589134
active,Huggy - Ebony Heat - 38/39,https://cdn.shopify.com/s/files/1/0559/2694/7921/files/25-10-14_Pammys_Huggy-08_1.jpg?v=1762589134
active,Huggy - Ebony Heat - 40/41,https://cdn.shopify.com/s/files/1/0559/2694/7921/files/25-10-14_Pammys_Huggy-08_1.jpg?v=1762589134
active,Huggy - Ebony Heat - 42/43,https://cdn.shopify.com/s/files/1/0559/2694/7921/files/25-10-14_Pammys_Huggy-08_1.jpg?v=1762589134
active,Huggy - Ebony Heat - 44/45,https://cdn.shopify.com/s/files/1/0559/2694/7921/files/25-10-14_Pammys_Huggy-08_1.jpg?v=1762589134
active,Huggy - Frosted Dawn - 36/37,https://cdn.shopify.com/s/files/1/0559/2694/7921/files/25-10-14_Pammys_Huggy-08_2.jpg?v=1762589134
active,Huggy - Frosted Dawn - 38/39,https://cdn.shopify.com/s/files/1/0559/2694/7921/files/25-10-14_Pammys_Huggy-08_2.jpg?v=1762589134
active,Huggy - Frosted Dawn - 40/41,https://cdn.shopify.com/s/files/1/0559/2694/7921/files/25-10-14_Pammys_Huggy-08_2.jpg?v=1762589134
active,Huggy - Frosted Dawn - 42/43,https://cdn.shopify.com/s/files/1/0559/2694/7921/files/25-10-14_Pammys_Huggy-08_2.jpg?v=1762589134
active,Huggy - Frosted Dawn - 44/45,https://cdn.shopify.com/s/files/1/0559/2694/7921/files/25-10-14_Pammys_Huggy-08_2.jpg?v=1762589134
active,Huggy - Honey Haze - 36/37,https://cdn.shopify.com/s/files/1/0559/2694/7921/files/25-10-14_Pammys_Huggy-08_5.jpg?v=1762589134
active,Huggy - Honey Haze - 38/39,https://cdn.shopify.com/s/files/1/0559/2694/7921/files/25-10-14_Pammys_Huggy-08_5.jpg?v=1762589134
active,Huggy - Honey Haze - 40/41,https://cdn.shopify.com/s/files/1/0559/2694/7921/files/25-10-14_Pammys_Huggy-08_5.jpg?v=1762589134
active,Huggy - Honey Haze - 42/43,https://cdn.shopify.com/s/files/1/0559/2694/7921/files/25-10-14_Pammys_Huggy-08_5.jpg?v=1762589134
active,Huggy - Honey Haze - 44/45,https://cdn.shopify.com/s/files/1/0559/2694/7921/files/25-10-14_Pammys_Huggy-08_5.jpg?v=1762589134
active,Huggy - Mocha Glow - 36/37,https://cdn.shopify.com/s/files/1/0559/2694/7921/files/25-10-14_Pammys_Huggy-08_3.jpg?v=1762565344
active,Huggy - Mocha Glow - 38/39,https://cdn.shopify.com/s/files/1/0559/2694/7921/files/25-10-14_Pammys_Huggy-08_3.jpg?v=1762565344
active,Huggy - Mocha Glow - 40/41,https://cdn.shopify.com/s/files/1/0559/2694/7921/files/25-10-14_Pammys_Huggy-08_3.jpg?v=1762565344
active,Huggy - Mocha Glow - 42/43,https://cdn.shopify.com/s/files/1/0559/2694/7921/files/25-10-14_Pammys_Huggy-08_3.jpg?v=1762565344
active,Huggy - Mocha Glow - 44/45,https://cdn.shopify.com/s/files/1/0559/2694/7921/files/25-10-14_Pammys_Huggy-08_3.jpg?v=1762565344
active,Huggy - Vanilla Cozy - 36/37,https://cdn.shopify.com/s/files/1/0559/2694/7921/files/Huggy_VanillaCozy1.png?v=1762565344
active,Huggy - Vanilla Cozy - 38/39,https://cdn.shopify.com/s/files/1/0559/2694/7921/files/Huggy_VanillaCozy1.png?v=1762565344
active,Huggy - Vanilla Cozy - 40/41,https://cdn.shopify.com/s/files/1/0559/2694/7921/files/Huggy_VanillaCozy1.png?v=1762565344
active,Huggy - Vanilla Cozy - 42/43,https://cdn.shopify.com/s/files/1/0559/2694/7921/files/Huggy_VanillaCozy1.png?v=1762565344
active,Huggy - Vanilla Cozy - 44/45,https://cdn.shopify.com/s/files/1/0559/2694/7921/files/Huggy_VanillaCozy1.png?v=1762565344
active,Mallow Sandal - Caramel Cream - 36,https://cdn.shopify.com/s/files/1/0559/2694/7921/files/Pammys_Mellow-Sandal_Caramel-Cream_1.jpg?v=1779484645
active,Mallow Sandal - Caramel Cream - 37,https://cdn.shopify.com/s/files/1/0559/2694/7921/files/Pammys_Mellow-Sandal_Caramel-Cream_1.jpg?v=1779484645
active,Mallow Sandal - Caramel Cream - 38,https://cdn.shopify.com/s/files/1/0559/2694/7921/files/Pammys_Mellow-Sandal_Caramel-Cream_1.jpg?v=1779484645
active,Mallow Sandal - Caramel Cream - 39,https://cdn.shopify.com/s/files/1/0559/2694/7921/files/Pammys_Mellow-Sandal_Caramel-Cream_1.jpg?v=1779484645
active,Mallow Sandal - Caramel Cream - 40,https://cdn.shopify.com/s/files/1/0559/2694/7921/files/Pammys_Mellow-Sandal_Caramel-Cream_1.jpg?v=1779484645
active,Mallow Sandal - Caramel Cream - 41,https://cdn.shopify.com/s/files/1/0559/2694/7921/files/Pammys_Mellow-Sandal_Caramel-Cream_1.jpg?v=1779484645
active,Mallow Sandal - Caramel Cream - 42,https://cdn.shopify.com/s/files/1/0559/2694/7921/files/Pammys_Mellow-Sandal_Caramel-Cream_1.jpg?v=1779484645
active,Mallow Sandal - Caramel Cream - 43,https://cdn.shopify.com/s/files/1/0559/2694/7921/files/Pammys_Mellow-Sandal_Caramel-Cream_1.jpg?v=1779484645
active,Mallow Sandal - Chocolate Fudge - 36,https://cdn.shopify.com/s/files/1/0559/2694/7921/files/Pammys_Mellow-Sandal_Chocolate-Fudge_1.jpg?v=1779484032
active,Mallow Sandal - Chocolate Fudge - 37,https://cdn.shopify.com/s/files/1/0559/2694/7921/files/Pammys_Mellow-Sandal_Chocolate-Fudge_1.jpg?v=1779484032
active,Mallow Sandal - Chocolate Fudge - 38,https://cdn.shopify.com/s/files/1/0559/2694/7921/files/Pammys_Mellow-Sandal_Chocolate-Fudge_1.jpg?v=1779484032
active,Mallow Sandal - Chocolate Fudge - 39,https://cdn.shopify.com/s/files/1/0559/2694/7921/files/Pammys_Mellow-Sandal_Chocolate-Fudge_1.jpg?v=1779484032
active,Mallow Sandal - Chocolate Fudge - 40,https://cdn.shopify.com/s/files/1/0559/2694/7921/files/Pammys_Mellow-Sandal_Chocolate-Fudge_1.jpg?v=1779484032
active,Mallow Sandal - Chocolate Fudge - 41,https://cdn.shopify.com/s/files/1/0559/2694/7921/files/Pammys_Mellow-Sandal_Chocolate-Fudge_1.jpg?v=1779484032
active,Mallow Sandal - Chocolate Fudge - 42,https://cdn.shopify.com/s/files/1/0559/2694/7921/files/Pammys_Mellow-Sandal_Chocolate-Fudge_1.jpg?v=1779484032
active,Mallow Sandal - Chocolate Fudge - 43,https://cdn.shopify.com/s/files/1/0559/2694/7921/files/Pammys_Mellow-Sandal_Chocolate-Fudge_1.jpg?v=1779484032
active,Mallow Sandal - Lemon Cream - 36,https://cdn.shopify.com/s/files/1/0559/2694/7921/files/Pammys_Mellow-Sandal_Lemon-Cream_1.jpg?v=1779483744
active,Mallow Sandal - Lemon Cream - 37,https://cdn.shopify.com/s/files/1/0559/2694/7921/files/Pammys_Mellow-Sandal_Lemon-Cream_1.jpg?v=1779483744
active,Mallow Sandal - Lemon Cream - 38,https://cdn.shopify.com/s/files/1/0559/2694/7921/files/Pammys_Mellow-Sandal_Lemon-Cream_1.jpg?v=1779483744
active,Mallow Sandal - Lemon Cream - 39,https://cdn.shopify.com/s/files/1/0559/2694/7921/files/Pammys_Mellow-Sandal_Lemon-Cream_1.jpg?v=1779483744
active,Mallow Sandal - Lemon Cream - 40,https://cdn.shopify.com/s/files/1/0559/2694/7921/files/Pammys_Mellow-Sandal_Lemon-Cream_1.jpg?v=1779483744
active,Mallow Sandal - Lemon Cream - 41,https://cdn.shopify.com/s/files/1/0559/2694/7921/files/Pammys_Mellow-Sandal_Lemon-Cream_1.jpg?v=1779483744
active,Mallow Sandal - Lemon Cream - 42,https://cdn.shopify.com/s/files/1/0559/2694/7921/files/Pammys_Mellow-Sandal_Lemon-Cream_1.jpg?v=1779483744
active,Mallow Sandal - Lemon Cream - 43,https://cdn.shopify.com/s/files/1/0559/2694/7921/files/Pammys_Mellow-Sandal_Lemon-Cream_1.jpg?v=1779483744
active,Mallow Sandal - Lush Burgundy - 36,https://cdn.shopify.com/s/files/1/0559/2694/7921/files/Pammys_Mellow-Sandal_Lush-Burgundy_1.jpg?v=1779483275
active,Mallow Sandal - Lush Burgundy - 37,https://cdn.shopify.com/s/files/1/0559/2694/7921/files/Pammys_Mellow-Sandal_Lush-Burgundy_1.jpg?v=1779483275
active,Mallow Sandal - Lush Burgundy - 38,https://cdn.shopify.com/s/files/1/0559/2694/7921/files/Pammys_Mellow-Sandal_Lush-Burgundy_1.jpg?v=1779483275
active,Mallow Sandal - Lush Burgundy - 39,https://cdn.shopify.com/s/files/1/0559/2694/7921/files/Pammys_Mellow-Sandal_Lush-Burgundy_1.jpg?v=1779483275
active,Mallow Sandal - Lush Burgundy - 40,https://cdn.shopify.com/s/files/1/0559/2694/7921/files/Pammys_Mellow-Sandal_Lush-Burgundy_1.jpg?v=1779483275
active,Mallow Sandal - Lush Burgundy - 41,https://cdn.shopify.com/s/files/1/0559/2694/7921/files/Pammys_Mellow-Sandal_Lush-Burgundy_1.jpg?v=1779483275
active,Mallow Sandal - Lush Burgundy - 42,https://cdn.shopify.com/s/files/1/0559/2694/7921/files/Pammys_Mellow-Sandal_Lush-Burgundy_1.jpg?v=1779483275
active,Mallow Sandal - Lush Burgundy - 43,https://cdn.shopify.com/s/files/1/0559/2694/7921/files/Pammys_Mellow-Sandal_Lush-Burgundy_1.jpg?v=1779483275
active,Mallow Sandal - Midnight Black - 36,https://cdn.shopify.com/s/files/1/0559/2694/7921/files/Pammys_Mellow-Sandal_Midnight-Black_1.jpg?v=1779484394
active,Mallow Sandal - Midnight Black - 37,https://cdn.shopify.com/s/files/1/0559/2694/7921/files/Pammys_Mellow-Sandal_Midnight-Black_1.jpg?v=1779484394
active,Mallow Sandal - Midnight Black - 38,https://cdn.shopify.com/s/files/1/0559/2694/7921/files/Pammys_Mellow-Sandal_Midnight-Black_1.jpg?v=1779484394
active,Mallow Sandal - Midnight Black - 39,https://cdn.shopify.com/s/files/1/0559/2694/7921/files/Pammys_Mellow-Sandal_Midnight-Black_1.jpg?v=1779484394
active,Mallow Sandal - Midnight Black - 40,https://cdn.shopify.com/s/files/1/0559/2694/7921/files/Pammys_Mellow-Sandal_Midnight-Black_1.jpg?v=1779484394
active,Mallow Sandal - Midnight Black - 41,https://cdn.shopify.com/s/files/1/0559/2694/7921/files/Pammys_Mellow-Sandal_Midnight-Black_1.jpg?v=1779484394
active,Mallow Sandal - Midnight Black - 42,https://cdn.shopify.com/s/files/1/0559/2694/7921/files/Pammys_Mellow-Sandal_Midnight-Black_1.jpg?v=1779484394
active,Mallow Sandal - Midnight Black - 43,https://cdn.shopify.com/s/files/1/0559/2694/7921/files/Pammys_Mellow-Sandal_Midnight-Black_1.jpg?v=1779484394
active,Mallow Sandal - Onyx Black - 36,https://cdn.shopify.com/s/files/1/0559/2694/7921/files/Pammys_Mellow-Sandal_Onyx-Black_1.jpg?v=1779483579
active,Mallow Sandal - Onyx Black - 37,https://cdn.shopify.com/s/files/1/0559/2694/7921/files/Pammys_Mellow-Sandal_Onyx-Black_1.jpg?v=1779483579
active,Mallow Sandal - Onyx Black - 38,https://cdn.shopify.com/s/files/1/0559/2694/7921/files/Pammys_Mellow-Sandal_Onyx-Black_1.jpg?v=1779483579
active,Mallow Sandal - Onyx Black - 39,https://cdn.shopify.com/s/files/1/0559/2694/7921/files/Pammys_Mellow-Sandal_Onyx-Black_1.jpg?v=1779483579
active,Mallow Sandal - Onyx Black - 40,https://cdn.shopify.com/s/files/1/0559/2694/7921/files/Pammys_Mellow-Sandal_Onyx-Black_1.jpg?v=1779483579
active,Mallow Sandal - Onyx Black - 41,https://cdn.shopify.com/s/files/1/0559/2694/7921/files/Pammys_Mellow-Sandal_Onyx-Black_1.jpg?v=1779483579
active,Mallow Sandal - Onyx Black - 42,https://cdn.shopify.com/s/files/1/0559/2694/7921/files/Pammys_Mellow-Sandal_Onyx-Black_1.jpg?v=1779483579
active,Mallow Sandal - Onyx Black - 43,https://cdn.shopify.com/s/files/1/0559/2694/7921/files/Pammys_Mellow-Sandal_Onyx-Black_1.jpg?v=1779483579
active,Mallow Sandal - Snow White - 36,https://cdn.shopify.com/s/files/1/0559/2694/7921/files/Pammys_Mellow-Sandal_Snow-White_1.jpg?v=1779484540
active,Mallow Sandal - Snow White - 37,https://cdn.shopify.com/s/files/1/0559/2694/7921/files/Pammys_Mellow-Sandal_Snow-White_1.jpg?v=1779484540
active,Mallow Sandal - Snow White - 38,https://cdn.shopify.com/s/files/1/0559/2694/7921/files/Pammys_Mellow-Sandal_Snow-White_1.jpg?v=1779484540
active,Mallow Sandal - Snow White - 39,https://cdn.shopify.com/s/files/1/0559/2694/7921/files/Pammys_Mellow-Sandal_Snow-White_1.jpg?v=1779484540
active,Mallow Sandal - Snow White - 40,https://cdn.shopify.com/s/files/1/0559/2694/7921/files/Pammys_Mellow-Sandal_Snow-White_1.jpg?v=1779484540
active,Mallow Sandal - Snow White - 41,https://cdn.shopify.com/s/files/1/0559/2694/7921/files/Pammys_Mellow-Sandal_Snow-White_1.jpg?v=1779484540
active,Mallow Sandal - Snow White - 42,https://cdn.shopify.com/s/files/1/0559/2694/7921/files/Pammys_Mellow-Sandal_Snow-White_1.jpg?v=1779484540
active,Mallow Sandal - Snow White - 43,https://cdn.shopify.com/s/files/1/0559/2694/7921/files/Pammys_Mellow-Sandal_Snow-White_1.jpg?v=1779484540
active,Mallow Sandal - Vanilla Latte - 36,https://cdn.shopify.com/s/files/1/0559/2694/7921/files/Pammys_Mellow-Sandal_Vanilla-Latte_1.jpg?v=1779484233
active,Mallow Sandal - Vanilla Latte - 37,https://cdn.shopify.com/s/files/1/0559/2694/7921/files/Pammys_Mellow-Sandal_Vanilla-Latte_1.jpg?v=1779484233
active,Mallow Sandal - Vanilla Latte - 38,https://cdn.shopify.com/s/files/1/0559/2694/7921/files/Pammys_Mellow-Sandal_Vanilla-Latte_1.jpg?v=1779484233
active,Mallow Sandal - Vanilla Latte - 39,https://cdn.shopify.com/s/files/1/0559/2694/7921/files/Pammys_Mellow-Sandal_Vanilla-Latte_1.jpg?v=1779484233
active,Mallow Sandal - Vanilla Latte - 40,https://cdn.shopify.com/s/files/1/0559/2694/7921/files/Pammys_Mellow-Sandal_Vanilla-Latte_1.jpg?v=1779484233
active,Mallow Sandal - Vanilla Latte - 41,https://cdn.shopify.com/s/files/1/0559/2694/7921/files/Pammys_Mellow-Sandal_Vanilla-Latte_1.jpg?v=1779484233
active,Mallow Sandal - Vanilla Latte - 42,https://cdn.shopify.com/s/files/1/0559/2694/7921/files/Pammys_Mellow-Sandal_Vanilla-Latte_1.jpg?v=1779484233
active,Mallow Sandal - Vanilla Latte - 43,https://cdn.shopify.com/s/files/1/0559/2694/7921/files/Pammys_Mellow-Sandal_Vanilla-Latte_1.jpg?v=1779484233
active,Mallow Slide - Aqua Blue - 36,https://cdn.shopify.com/s/files/1/0559/2694/7921/files/Pammys_Mellow-Sandal_Aqua-Blue_1.jpg?v=1779485580
active,Mallow Slide - Aqua Blue - 37,https://cdn.shopify.com/s/files/1/0559/2694/7921/files/Pammys_Mellow-Sandal_Aqua-Blue_1.jpg?v=1779485580
active,Mallow Slide - Aqua Blue - 38,https://cdn.shopify.com/s/files/1/0559/2694/7921/files/Pammys_Mellow-Sandal_Aqua-Blue_1.jpg?v=1779485580
active,Mallow Slide - Aqua Blue - 39,https://cdn.shopify.com/s/files/1/0559/2694/7921/files/Pammys_Mellow-Sandal_Aqua-Blue_1.jpg?v=1779485580
active,Mallow Slide - Aqua Blue - 40,https://cdn.shopify.com/s/files/1/0559/2694/7921/files/Pammys_Mellow-Sandal_Aqua-Blue_1.jpg?v=1779485580
active,Mallow Slide - Aqua Blue - 41,https://cdn.shopify.com/s/files/1/0559/2694/7921/files/Pammys_Mellow-Sandal_Aqua-Blue_1.jpg?v=1779485580
active,Mallow Slide - Aqua Blue - 42,https://cdn.shopify.com/s/files/1/0559/2694/7921/files/Pammys_Mellow-Sandal_Aqua-Blue_1.jpg?v=1779485580
active,Mallow Slide - Aqua Blue - 43,https://cdn.shopify.com/s/files/1/0559/2694/7921/files/Pammys_Mellow-Sandal_Aqua-Blue_1.jpg?v=1779485580
active,Mallow Slide - Glossy Black - 36,https://cdn.shopify.com/s/files/1/0559/2694/7921/files/Pammys_Mellow-Slide_Glossy-Black_1.jpg?v=1779485245
active,Mallow Slide - Glossy Black - 37,https://cdn.shopify.com/s/files/1/0559/2694/7921/files/Pammys_Mellow-Slide_Glossy-Black_1.jpg?v=1779485245
active,Mallow Slide - Glossy Black - 38,https://cdn.shopify.com/s/files/1/0559/2694/7921/files/Pammys_Mellow-Slide_Glossy-Black_1.jpg?v=1779485245
active,Mallow Slide - Glossy Black - 39,https://cdn.shopify.com/s/files/1/0559/2694/7921/files/Pammys_Mellow-Slide_Glossy-Black_1.jpg?v=1779485245
active,Mallow Slide - Glossy Black - 40,https://cdn.shopify.com/s/files/1/0559/2694/7921/files/Pammys_Mellow-Slide_Glossy-Black_1.jpg?v=1779485245
active,Mallow Slide - Glossy Black - 41,https://cdn.shopify.com/s/files/1/0559/2694/7921/files/Pammys_Mellow-Slide_Glossy-Black_1.jpg?v=1779485245
active,Mallow Slide - Glossy Black - 42,https://cdn.shopify.com/s/files/1/0559/2694/7921/files/Pammys_Mellow-Slide_Glossy-Black_1.jpg?v=1779485245
active,Mallow Slide - Glossy Black - 43,https://cdn.shopify.com/s/files/1/0559/2694/7921/files/Pammys_Mellow-Slide_Glossy-Black_1.jpg?v=1779485245
active,Mallow Slide - Lemon Sorbet - 36,https://cdn.shopify.com/s/files/1/0559/2694/7921/files/Pammys_Mellow-Slide_Lemon-Sorbet_1.jpg?v=1779485376
active,Mallow Slide - Lemon Sorbet - 37,https://cdn.shopify.com/s/files/1/0559/2694/7921/files/Pammys_Mellow-Slide_Lemon-Sorbet_1.jpg?v=1779485376
active,Mallow Slide - Lemon Sorbet - 38,https://cdn.shopify.com/s/files/1/0559/2694/7921/files/Pammys_Mellow-Slide_Lemon-Sorbet_1.jpg?v=1779485376
active,Mallow Slide - Lemon Sorbet - 39,https://cdn.shopify.com/s/files/1/0559/2694/7921/files/Pammys_Mellow-Slide_Lemon-Sorbet_1.jpg?v=1779485376
active,Mallow Slide - Lemon Sorbet - 40,https://cdn.shopify.com/s/files/1/0559/2694/7921/files/Pammys_Mellow-Slide_Lemon-Sorbet_1.jpg?v=1779485376
active,Mallow Slide - Lemon Sorbet - 41,https://cdn.shopify.com/s/files/1/0559/2694/7921/files/Pammys_Mellow-Slide_Lemon-Sorbet_1.jpg?v=1779485376
active,Mallow Slide - Lemon Sorbet - 42,https://cdn.shopify.com/s/files/1/0559/2694/7921/files/Pammys_Mellow-Slide_Lemon-Sorbet_1.jpg?v=1779485376
active,Mallow Slide - Lemon Sorbet - 43,https://cdn.shopify.com/s/files/1/0559/2694/7921/files/Pammys_Mellow-Slide_Lemon-Sorbet_1.jpg?v=1779485376
active,Mallow Slide - Pink Pearl - 36,https://cdn.shopify.com/s/files/1/0559/2694/7921/files/Pammys_Mellow-Slide_Pink-Pearl_1.jpg?v=1779485109
active,Mallow Slide - Pink Pearl - 37,https://cdn.shopify.com/s/files/1/0559/2694/7921/files/Pammys_Mellow-Slide_Pink-Pearl_1.jpg?v=1779485109
active,Mallow Slide - Pink Pearl - 38,https://cdn.shopify.com/s/files/1/0559/2694/7921/files/Pammys_Mellow-Slide_Pink-Pearl_1.jpg?v=1779485109
active,Mallow Slide - Pink Pearl - 39,https://cdn.shopify.com/s/files/1/0559/2694/7921/files/Pammys_Mellow-Slide_Pink-Pearl_1.jpg?v=1779485109
active,Mallow Slide - Pink Pearl - 40,https://cdn.shopify.com/s/files/1/0559/2694/7921/files/Pammys_Mellow-Slide_Pink-Pearl_1.jpg?v=1779485109
active,Mallow Slide - Pink Pearl - 41,https://cdn.shopify.com/s/files/1/0559/2694/7921/files/Pammys_Mellow-Slide_Pink-Pearl_1.jpg?v=1779485109
active,Mallow Slide - Pink Pearl - 42,https://cdn.shopify.com/s/files/1/0559/2694/7921/files/Pammys_Mellow-Slide_Pink-Pearl_1.jpg?v=1779485109
active,Mallow Slide - Pink Pearl - 43,https://cdn.shopify.com/s/files/1/0559/2694/7921/files/Pammys_Mellow-Slide_Pink-Pearl_1.jpg?v=1779485109
active,Mallow Slide - Silky Leopard - 36,https://cdn.shopify.com/s/files/1/0559/2694/7921/files/Pammys_Mellow-Sandal_Silky-Leopard_1.jpg?v=1779485893
active,Mallow Slide - Silky Leopard - 37,https://cdn.shopify.com/s/files/1/0559/2694/7921/files/Pammys_Mellow-Sandal_Silky-Leopard_1.jpg?v=1779485893
active,Mallow Slide - Silky Leopard - 38,https://cdn.shopify.com/s/files/1/0559/2694/7921/files/Pammys_Mellow-Sandal_Silky-Leopard_1.jpg?v=1779485893
active,Mallow Slide - Silky Leopard - 39,https://cdn.shopify.com/s/files/1/0559/2694/7921/files/Pammys_Mellow-Sandal_Silky-Leopard_1.jpg?v=1779485893
active,Mallow Slide - Silky Leopard - 40,https://cdn.shopify.com/s/files/1/0559/2694/7921/files/Pammys_Mellow-Sandal_Silky-Leopard_1.jpg?v=1779485893
active,Mallow Slide - Silky Leopard - 41,https://cdn.shopify.com/s/files/1/0559/2694/7921/files/Pammys_Mellow-Sandal_Silky-Leopard_1.jpg?v=1779485893
active,Mallow Slide - Silky Leopard - 42,https://cdn.shopify.com/s/files/1/0559/2694/7921/files/Pammys_Mellow-Sandal_Silky-Leopard_1.jpg?v=1779485893
active,Mallow Slide - Silky Leopard - 43,https://cdn.shopify.com/s/files/1/0559/2694/7921/files/Pammys_Mellow-Sandal_Silky-Leopard_1.jpg?v=1779485893
active,Mallow Slide - Tuscan Sand - 36,https://cdn.shopify.com/s/files/1/0559/2694/7921/files/Pammys_Mellow-Slide_Tuscan-Sand_1.jpg?v=1779485457
active,Mallow Slide - Tuscan Sand - 37,https://cdn.shopify.com/s/files/1/0559/2694/7921/files/Pammys_Mellow-Slide_Tuscan-Sand_1.jpg?v=1779485457
active,Mallow Slide - Tuscan Sand - 38,https://cdn.shopify.com/s/files/1/0559/2694/7921/files/Pammys_Mellow-Slide_Tuscan-Sand_1.jpg?v=1779485457
active,Mallow Slide - Tuscan Sand - 39,https://cdn.shopify.com/s/files/1/0559/2694/7921/files/Pammys_Mellow-Slide_Tuscan-Sand_1.jpg?v=1779485457
active,Mallow Slide - Tuscan Sand - 40,https://cdn.shopify.com/s/files/1/0559/2694/7921/files/Pammys_Mellow-Slide_Tuscan-Sand_1.jpg?v=1779485457
active,Mallow Slide - Tuscan Sand - 41,https://cdn.shopify.com/s/files/1/0559/2694/7921/files/Pammys_Mellow-Slide_Tuscan-Sand_1.jpg?v=1779485457
active,Mallow Slide - Tuscan Sand - 42,https://cdn.shopify.com/s/files/1/0559/2694/7921/files/Pammys_Mellow-Slide_Tuscan-Sand_1.jpg?v=1779485457
active,Mallow Slide - Tuscan Sand - 43,https://cdn.shopify.com/s/files/1/0559/2694/7921/files/Pammys_Mellow-Slide_Tuscan-Sand_1.jpg?v=1779485457
active,Originals Kids  - Candy Pink - 26/27,https://cdn.shopify.com/s/files/1/0559/2694/7921/files/1_CandyPink.jpg?v=1774021008
active,Originals Kids  - Candy Pink - 28/29,https://cdn.shopify.com/s/files/1/0559/2694/7921/files/1_CandyPink.jpg?v=1774021008
active,Originals Kids  - Candy Pink - 30/31,https://cdn.shopify.com/s/files/1/0559/2694/7921/files/1_CandyPink.jpg?v=1774021008
active,Originals Kids  - Candy Pink - 32/33,https://cdn.shopify.com/s/files/1/0559/2694/7921/files/1_CandyPink.jpg?v=1774021008
active,Originals Kids  - Candy Pink - 34/35,https://cdn.shopify.com/s/files/1/0559/2694/7921/files/1_CandyPink.jpg?v=1774021008
active,Originals Kids  - Cotton Cloud - 26/27,https://cdn.shopify.com/s/files/1/0559/2694/7921/files/1_CottonCloud_e3cc8440-c038-415c-8179-7e2de1f74b4b.jpg?v=1774021008
active,Originals Kids  - Cotton Cloud - 28/29,https://cdn.shopify.com/s/files/1/0559/2694/7921/files/1_CottonCloud_e3cc8440-c038-415c-8179-7e2de1f74b4b.jpg?v=1774021008
active,Originals Kids  - Cotton Cloud - 30/31,https://cdn.shopify.com/s/files/1/0559/2694/7921/files/1_CottonCloud_e3cc8440-c038-415c-8179-7e2de1f74b4b.jpg?v=1774021008
active,Originals Kids  - Cotton Cloud - 32/33,https://cdn.shopify.com/s/files/1/0559/2694/7921/files/1_CottonCloud_e3cc8440-c038-415c-8179-7e2de1f74b4b.jpg?v=1774021008
active,Originals Kids  - Cotton Cloud - 34/35,https://cdn.shopify.com/s/files/1/0559/2694/7921/files/1_CottonCloud_e3cc8440-c038-415c-8179-7e2de1f74b4b.jpg?v=1774021008
active,Originals Kids  - Pistachio Dream - 26/27,https://cdn.shopify.com/s/files/1/0559/2694/7921/files/1_PistachioDream_72d41aa3-0909-4565-a5ef-4440a3b3d570.jpg?v=1774021008
active,Originals Kids  - Pistachio Dream - 28/29,https://cdn.shopify.com/s/files/1/0559/2694/7921/files/1_PistachioDream_72d41aa3-0909-4565-a5ef-4440a3b3d570.jpg?v=1774021008
active,Originals Kids  - Pistachio Dream - 30/31,https://cdn.shopify.com/s/files/1/0559/2694/7921/files/1_PistachioDream_72d41aa3-0909-4565-a5ef-4440a3b3d570.jpg?v=1774021008
active,Originals Kids  - Pistachio Dream - 32/33,https://cdn.shopify.com/s/files/1/0559/2694/7921/files/1_PistachioDream_72d41aa3-0909-4565-a5ef-4440a3b3d570.jpg?v=1774021008
active,Originals Kids  - Pistachio Dream - 34/35,https://cdn.shopify.com/s/files/1/0559/2694/7921/files/1_PistachioDream_72d41aa3-0909-4565-a5ef-4440a3b3d570.jpg?v=1774021008
active,Originals Kids  - Rose Blush - 26/27,https://cdn.shopify.com/s/files/1/0559/2694/7921/files/1_RosaBlush.jpg?v=1774020103
active,Originals Kids  - Rose Blush - 28/29,https://cdn.shopify.com/s/files/1/0559/2694/7921/files/1_RosaBlush.jpg?v=1774020103
active,Originals Kids  - Rose Blush - 30/31,https://cdn.shopify.com/s/files/1/0559/2694/7921/files/1_RosaBlush.jpg?v=1774020103
active,Originals Kids  - Rose Blush - 32/33,https://cdn.shopify.com/s/files/1/0559/2694/7921/files/1_RosaBlush.jpg?v=1774020103
active,Originals Kids  - Rose Blush - 34/35,https://cdn.shopify.com/s/files/1/0559/2694/7921/files/1_RosaBlush.jpg?v=1774020103
active,Originals Kids  - Soft Vanilla - 26/27,https://cdn.shopify.com/s/files/1/0559/2694/7921/files/1_SoftVanilla.jpg?v=1774021008
active,Originals Kids  - Soft Vanilla - 28/29,https://cdn.shopify.com/s/files/1/0559/2694/7921/files/1_SoftVanilla.jpg?v=1774021008
active,Originals Kids  - Soft Vanilla - 30/31,https://cdn.shopify.com/s/files/1/0559/2694/7921/files/1_SoftVanilla.jpg?v=1774021008
active,Originals Kids  - Soft Vanilla - 32/33,https://cdn.shopify.com/s/files/1/0559/2694/7921/files/1_SoftVanilla.jpg?v=1774021008
active,Originals Kids  - Soft Vanilla - 34/35,https://cdn.shopify.com/s/files/1/0559/2694/7921/files/1_SoftVanilla.jpg?v=1774021008
active,Originals Kids  - Strawberry - 26/27,https://cdn.shopify.com/s/files/1/0559/2694/7921/files/1_StrawberryKiss.jpg?v=1774021008
active,Originals Kids  - Strawberry - 28/29,https://cdn.shopify.com/s/files/1/0559/2694/7921/files/1_StrawberryKiss.jpg?v=1774021008
active,Originals Kids  - Strawberry - 30/31,https://cdn.shopify.com/s/files/1/0559/2694/7921/files/1_StrawberryKiss.jpg?v=1774021008
active,Originals Kids  - Strawberry - 32/33,https://cdn.shopify.com/s/files/1/0559/2694/7921/files/1_StrawberryKiss.jpg?v=1774021008
active,Originals Kids  - Strawberry - 34/35,https://cdn.shopify.com/s/files/1/0559/2694/7921/files/1_StrawberryKiss.jpg?v=1774021008
active,Originals Kids  - Velvet Black - 26/27,https://cdn.shopify.com/s/files/1/0559/2694/7921/files/1_VelvetBlack_643eccf6-9b29-4825-8e32-e0f293f21997.jpg?v=1774021008
active,Originals Kids  - Velvet Black - 28/29,https://cdn.shopify.com/s/files/1/0559/2694/7921/files/1_VelvetBlack_643eccf6-9b29-4825-8e32-e0f293f21997.jpg?v=1774021008
active,Originals Kids  - Velvet Black - 30/31,https://cdn.shopify.com/s/files/1/0559/2694/7921/files/1_VelvetBlack_643eccf6-9b29-4825-8e32-e0f293f21997.jpg?v=1774021008
active,Originals Kids  - Velvet Black - 32/33,https://cdn.shopify.com/s/files/1/0559/2694/7921/files/1_VelvetBlack_643eccf6-9b29-4825-8e32-e0f293f21997.jpg?v=1774021008
active,Originals Kids  - Velvet Black - 34/35,https://cdn.shopify.com/s/files/1/0559/2694/7921/files/1_VelvetBlack_643eccf6-9b29-4825-8e32-e0f293f21997.jpg?v=1774021008
active,Originals Men - Dusty Orange - 40/41,https://cdn.shopify.com/s/files/1/0559/2694/7921/files/1_DustyOrange_0bbe7a9b-ab57-4217-a64e-8440bbf77b65.jpg?v=1774025778
active,Originals Men - Dusty Orange - 42/43,https://cdn.shopify.com/s/files/1/0559/2694/7921/files/1_DustyOrange_0bbe7a9b-ab57-4217-a64e-8440bbf77b65.jpg?v=1774025778
active,Originals Men - Dusty Orange - 44/45,https://cdn.shopify.com/s/files/1/0559/2694/7921/files/1_DustyOrange_0bbe7a9b-ab57-4217-a64e-8440bbf77b65.jpg?v=1774025778
active,Originals Men - Dusty Orange - 46/47,https://cdn.shopify.com/s/files/1/0559/2694/7921/files/1_DustyOrange_0bbe7a9b-ab57-4217-a64e-8440bbf77b65.jpg?v=1774025778
active,Originals Men - Metro Pine - 40/41,https://cdn.shopify.com/s/files/1/0559/2694/7921/files/1_MetroPine_9e550849-ccae-4495-9a83-e5232c1c9c70.jpg?v=1774022175
active,Originals Men - Metro Pine - 42/43,https://cdn.shopify.com/s/files/1/0559/2694/7921/files/1_MetroPine_9e550849-ccae-4495-9a83-e5232c1c9c70.jpg?v=1774022175
active,Originals Men - Metro Pine - 44/45,https://cdn.shopify.com/s/files/1/0559/2694/7921/files/1_MetroPine_9e550849-ccae-4495-9a83-e5232c1c9c70.jpg?v=1774022175
active,Originals Men - Metro Pine - 46/47,https://cdn.shopify.com/s/files/1/0559/2694/7921/files/1_MetroPine_9e550849-ccae-4495-9a83-e5232c1c9c70.jpg?v=1774022175
active,Originals Men - Navy Club - 40/41,https://cdn.shopify.com/s/files/1/0559/2694/7921/files/1_NavyClub_3d090b1c-42ef-4b85-ad2c-a37b89bcf7e9.jpg?v=1774025685
active,Originals Men - Navy Club - 42/43,https://cdn.shopify.com/s/files/1/0559/2694/7921/files/1_NavyClub_3d090b1c-42ef-4b85-ad2c-a37b89bcf7e9.jpg?v=1774025685
active,Originals Men - Navy Club - 44/45,https://cdn.shopify.com/s/files/1/0559/2694/7921/files/1_NavyClub_3d090b1c-42ef-4b85-ad2c-a37b89bcf7e9.jpg?v=1774025685
active,Originals Men - Navy Club - 46/47,https://cdn.shopify.com/s/files/1/0559/2694/7921/files/1_NavyClub_3d090b1c-42ef-4b85-ad2c-a37b89bcf7e9.jpg?v=1774025685
active,Originals Men - Silk White - 40/41,https://cdn.shopify.com/s/files/1/0559/2694/7921/files/1_SilkWhite_9a3df64a-3043-468e-91f0-323c3cdf9324.jpg?v=1774025943
active,Originals Men - Silk White - 42/43,https://cdn.shopify.com/s/files/1/0559/2694/7921/files/1_SilkWhite_9a3df64a-3043-468e-91f0-323c3cdf9324.jpg?v=1774025943
active,Originals Men - Silk White - 44/45,https://cdn.shopify.com/s/files/1/0559/2694/7921/files/1_SilkWhite_9a3df64a-3043-468e-91f0-323c3cdf9324.jpg?v=1774025943
active,Originals Men - Silk White - 46/47,https://cdn.shopify.com/s/files/1/0559/2694/7921/files/1_SilkWhite_9a3df64a-3043-468e-91f0-323c3cdf9324.jpg?v=1774025943
active,Originals Men - Slate Grey - 40/41,https://cdn.shopify.com/s/files/1/0559/2694/7921/files/1_SlateGrey_888242a9-59c1-4331-9648-432df3e2e569.jpg?v=1774022397
active,Originals Men - Slate Grey - 42/43,https://cdn.shopify.com/s/files/1/0559/2694/7921/files/1_SlateGrey_888242a9-59c1-4331-9648-432df3e2e569.jpg?v=1774022397
active,Originals Men - Slate Grey - 44/45,https://cdn.shopify.com/s/files/1/0559/2694/7921/files/1_SlateGrey_888242a9-59c1-4331-9648-432df3e2e569.jpg?v=1774022397
active,Originals Men - Slate Grey - 46/47,https://cdn.shopify.com/s/files/1/0559/2694/7921/files/1_SlateGrey_888242a9-59c1-4331-9648-432df3e2e569.jpg?v=1774022397
active,Originals Men - Stealth Black - 40/41,https://cdn.shopify.com/s/files/1/0559/2694/7921/files/1_StealthBlack.jpg?v=1774025415
active,Originals Men - Stealth Black - 42/43,https://cdn.shopify.com/s/files/1/0559/2694/7921/files/1_StealthBlack.jpg?v=1774025415
active,Originals Men - Stealth Black - 44/45,https://cdn.shopify.com/s/files/1/0559/2694/7921/files/1_StealthBlack.jpg?v=1774025415
active,Originals Men - Stealth Black - 46/47,https://cdn.shopify.com/s/files/1/0559/2694/7921/files/1_StealthBlack.jpg?v=1774025415
active,Originals Woman - Black Leopard - 36/37,https://cdn.shopify.com/s/files/1/0559/2694/7921/files/1_LeopardBlack_22ec1d90-355d-4825-9736-ff6526e2b193.jpg?v=1774033868
active,Originals Woman - Black Leopard - 38/39,https://cdn.shopify.com/s/files/1/0559/2694/7921/files/1_LeopardBlack_22ec1d90-355d-4825-9736-ff6526e2b193.jpg?v=1774033868
active,Originals Woman - Black Leopard - 40/41,https://cdn.shopify.com/s/files/1/0559/2694/7921/files/1_LeopardBlack_22ec1d90-355d-4825-9736-ff6526e2b193.jpg?v=1774033868
active,Originals Woman - Black Leopard - 42/43,https://cdn.shopify.com/s/files/1/0559/2694/7921/files/1_LeopardBlack_22ec1d90-355d-4825-9736-ff6526e2b193.jpg?v=1774033868
active,Originals Woman - Black Leopard - 44/45,https://cdn.shopify.com/s/files/1/0559/2694/7921/files/1_LeopardBlack_22ec1d90-355d-4825-9736-ff6526e2b193.jpg?v=1774033868
active,Originals Woman - Cotton Cloud - 36/37,https://cdn.shopify.com/s/files/1/0559/2694/7921/files/1_CottonCloud.jpg?v=1774017645
active,Originals Woman - Cotton Cloud - 38/39,https://cdn.shopify.com/s/files/1/0559/2694/7921/files/1_CottonCloud.jpg?v=1774017645
active,Originals Woman - Cotton Cloud - 40/41,https://cdn.shopify.com/s/files/1/0559/2694/7921/files/1_CottonCloud.jpg?v=1774017645
active,Originals Woman - Cotton Cloud - 42/43,https://cdn.shopify.com/s/files/1/0559/2694/7921/files/1_CottonCloud.jpg?v=1774017645
active,Originals Woman - Cotton Cloud - 44/45,https://cdn.shopify.com/s/files/1/0559/2694/7921/files/1_CottonCloud.jpg?v=1774017645
active,Originals Woman - Dusty Orange - 36/37,https://cdn.shopify.com/s/files/1/0559/2694/7921/files/1_DustyOrange_9cae19eb-96ff-4eda-a4bd-b6e4d3f760eb.jpg?v=1774017645
active,Originals Woman - Dusty Orange - 38/39,https://cdn.shopify.com/s/files/1/0559/2694/7921/files/1_DustyOrange_9cae19eb-96ff-4eda-a4bd-b6e4d3f760eb.jpg?v=1774017645
active,Originals Woman - Dusty Orange - 40/41,https://cdn.shopify.com/s/files/1/0559/2694/7921/files/1_DustyOrange_9cae19eb-96ff-4eda-a4bd-b6e4d3f760eb.jpg?v=1774017645
active,Originals Woman - Dusty Orange - 42/43,https://cdn.shopify.com/s/files/1/0559/2694/7921/files/1_DustyOrange_9cae19eb-96ff-4eda-a4bd-b6e4d3f760eb.jpg?v=1774017645
active,Originals Woman - Dusty Orange - 44/45,https://cdn.shopify.com/s/files/1/0559/2694/7921/files/1_DustyOrange_9cae19eb-96ff-4eda-a4bd-b6e4d3f760eb.jpg?v=1774017645
active,Originals Woman - Leopard - 36/37,https://cdn.shopify.com/s/files/1/0559/2694/7921/files/1_LeopardBeige_5581ff4b-4c73-4771-8fcd-0bbef0f630cd.jpg?v=1774017645
active,Originals Woman - Leopard - 38/39,https://cdn.shopify.com/s/files/1/0559/2694/7921/files/1_LeopardBeige_5581ff4b-4c73-4771-8fcd-0bbef0f630cd.jpg?v=1774017645
active,Originals Woman - Leopard - 40/41,https://cdn.shopify.com/s/files/1/0559/2694/7921/files/1_LeopardBeige_5581ff4b-4c73-4771-8fcd-0bbef0f630cd.jpg?v=1774017645
active,Originals Woman - Leopard - 42/43,https://cdn.shopify.com/s/files/1/0559/2694/7921/files/1_LeopardBeige_5581ff4b-4c73-4771-8fcd-0bbef0f630cd.jpg?v=1774017645
active,Originals Woman - Leopard - 44/45,https://cdn.shopify.com/s/files/1/0559/2694/7921/files/1_LeopardBeige_5581ff4b-4c73-4771-8fcd-0bbef0f630cd.jpg?v=1774017645
active,Originals Woman - Metro Pine - 36/37,https://cdn.shopify.com/s/files/1/0559/2694/7921/files/1_MetroPine_129d5e1d-99f3-4145-9c8e-35a3b71220af.jpg?v=1774017645
active,Originals Woman - Metro Pine - 38/39,https://cdn.shopify.com/s/files/1/0559/2694/7921/files/1_MetroPine_129d5e1d-99f3-4145-9c8e-35a3b71220af.jpg?v=1774017645
active,Originals Woman - Metro Pine - 40/41,https://cdn.shopify.com/s/files/1/0559/2694/7921/files/1_MetroPine_129d5e1d-99f3-4145-9c8e-35a3b71220af.jpg?v=1774017645
active,Originals Woman - Metro Pine - 42/43,https://cdn.shopify.com/s/files/1/0559/2694/7921/files/1_MetroPine_129d5e1d-99f3-4145-9c8e-35a3b71220af.jpg?v=1774017645
active,Originals Woman - Metro Pine - 44/45,https://cdn.shopify.com/s/files/1/0559/2694/7921/files/1_MetroPine_129d5e1d-99f3-4145-9c8e-35a3b71220af.jpg?v=1774017645
active,Originals Woman - Navy Club - 36/37,https://cdn.shopify.com/s/files/1/0559/2694/7921/files/1_NavyClub_206433da-fbce-4fe5-8a71-9b3893bdd9f9.jpg?v=1774017645
active,Originals Woman - Navy Club - 38/39,https://cdn.shopify.com/s/files/1/0559/2694/7921/files/1_NavyClub_206433da-fbce-4fe5-8a71-9b3893bdd9f9.jpg?v=1774017645
active,Originals Woman - Navy Club - 40/41,https://cdn.shopify.com/s/files/1/0559/2694/7921/files/1_NavyClub_206433da-fbce-4fe5-8a71-9b3893bdd9f9.jpg?v=1774017645
active,Originals Woman - Navy Club - 42/43,https://cdn.shopify.com/s/files/1/0559/2694/7921/files/1_NavyClub_206433da-fbce-4fe5-8a71-9b3893bdd9f9.jpg?v=1774017645
active,Originals Woman - Navy Club - 44/45,https://cdn.shopify.com/s/files/1/0559/2694/7921/files/1_NavyClub_206433da-fbce-4fe5-8a71-9b3893bdd9f9.jpg?v=1774017645
active,Originals Woman - Pearl Grey - 36/37,https://cdn.shopify.com/s/files/1/0559/2694/7921/files/1_PearlGrey_561ae8df-feaf-4c3f-b00f-180ebeffedf5.jpg?v=1774017645
active,Originals Woman - Pearl Grey - 38/39,https://cdn.shopify.com/s/files/1/0559/2694/7921/files/1_PearlGrey_561ae8df-feaf-4c3f-b00f-180ebeffedf5.jpg?v=1774017645
active,Originals Woman - Pearl Grey - 40/41,https://cdn.shopify.com/s/files/1/0559/2694/7921/files/1_PearlGrey_561ae8df-feaf-4c3f-b00f-180ebeffedf5.jpg?v=1774017645
active,Originals Woman - Pearl Grey - 42/43,https://cdn.shopify.com/s/files/1/0559/2694/7921/files/1_PearlGrey_561ae8df-feaf-4c3f-b00f-180ebeffedf5.jpg?v=1774017645
active,Originals Woman - Pearl Grey - 44/45,https://cdn.shopify.com/s/files/1/0559/2694/7921/files/1_PearlGrey_561ae8df-feaf-4c3f-b00f-180ebeffedf5.jpg?v=1774017645
active,Originals Woman - Pistachio Dream - 36/37,https://cdn.shopify.com/s/files/1/0559/2694/7921/files/1_PistachioDream_ecf16c56-0315-498b-ba5e-e3c3bd7346d5.jpg?v=1774045956
active,Originals Woman - Pistachio Dream - 38/39,https://cdn.shopify.com/s/files/1/0559/2694/7921/files/1_PistachioDream_ecf16c56-0315-498b-ba5e-e3c3bd7346d5.jpg?v=1774045956
active,Originals Woman - Pistachio Dream - 40/41,https://cdn.shopify.com/s/files/1/0559/2694/7921/files/1_PistachioDream_ecf16c56-0315-498b-ba5e-e3c3bd7346d5.jpg?v=1774045956
active,Originals Woman - Pistachio Dream - 42/43,https://cdn.shopify.com/s/files/1/0559/2694/7921/files/1_PistachioDream_ecf16c56-0315-498b-ba5e-e3c3bd7346d5.jpg?v=1774045956
active,Originals Woman - Pistachio Dream - 44/45,https://cdn.shopify.com/s/files/1/0559/2694/7921/files/1_PistachioDream_ecf16c56-0315-498b-ba5e-e3c3bd7346d5.jpg?v=1774045956
active,Originals Woman - Rose Blush - 36/37,https://cdn.shopify.com/s/files/1/0559/2694/7921/files/1_RoseBlush_6721aeef-62a3-4c1d-8b2e-e5e42cd15c98.jpg?v=1774045956
active,Originals Woman - Rose Blush - 38/39,https://cdn.shopify.com/s/files/1/0559/2694/7921/files/1_RoseBlush_6721aeef-62a3-4c1d-8b2e-e5e42cd15c98.jpg?v=1774045956
active,Originals Woman - Rose Blush - 40/41,https://cdn.shopify.com/s/files/1/0559/2694/7921/files/1_RoseBlush_6721aeef-62a3-4c1d-8b2e-e5e42cd15c98.jpg?v=1774045956
active,Originals Woman - Rose Blush - 42/43,https://cdn.shopify.com/s/files/1/0559/2694/7921/files/1_RoseBlush_6721aeef-62a3-4c1d-8b2e-e5e42cd15c98.jpg?v=1774045956
active,Originals Woman - Rose Blush - 44/45,https://cdn.shopify.com/s/files/1/0559/2694/7921/files/1_RoseBlush_6721aeef-62a3-4c1d-8b2e-e5e42cd15c98.jpg?v=1774045956
active,Originals Woman - Silk White - 36/37,https://cdn.shopify.com/s/files/1/0559/2694/7921/files/1_SilkWhite_5a82f64e-b570-4964-afe4-42bfcf044c62.jpg?v=1774017645
active,Originals Woman - Silk White - 38/39,https://cdn.shopify.com/s/files/1/0559/2694/7921/files/1_SilkWhite_5a82f64e-b570-4964-afe4-42bfcf044c62.jpg?v=1774017645
active,Originals Woman - Silk White - 40/41,https://cdn.shopify.com/s/files/1/0559/2694/7921/files/1_SilkWhite_5a82f64e-b570-4964-afe4-42bfcf044c62.jpg?v=1774017645
active,Originals Woman - Silk White - 42/43,https://cdn.shopify.com/s/files/1/0559/2694/7921/files/1_SilkWhite_5a82f64e-b570-4964-afe4-42bfcf044c62.jpg?v=1774017645
active,Originals Woman - Silk White - 44/45,https://cdn.shopify.com/s/files/1/0559/2694/7921/files/1_SilkWhite_5a82f64e-b570-4964-afe4-42bfcf044c62.jpg?v=1774017645
active,Originals Woman - Slate Grey - 36/37,https://cdn.shopify.com/s/files/1/0559/2694/7921/files/1_SlateGrey_7d8c99a0-4bbd-4484-b5c1-22f6c59446e3.jpg?v=1774017645
active,Originals Woman - Slate Grey - 38/39,https://cdn.shopify.com/s/files/1/0559/2694/7921/files/1_SlateGrey_7d8c99a0-4bbd-4484-b5c1-22f6c59446e3.jpg?v=1774017645
active,Originals Woman - Slate Grey - 40/41,https://cdn.shopify.com/s/files/1/0559/2694/7921/files/1_SlateGrey_7d8c99a0-4bbd-4484-b5c1-22f6c59446e3.jpg?v=1774017645
active,Originals Woman - Slate Grey - 42/43,https://cdn.shopify.com/s/files/1/0559/2694/7921/files/1_SlateGrey_7d8c99a0-4bbd-4484-b5c1-22f6c59446e3.jpg?v=1774017645
active,Originals Woman - Slate Grey - 44/45,https://cdn.shopify.com/s/files/1/0559/2694/7921/files/1_SlateGrey_7d8c99a0-4bbd-4484-b5c1-22f6c59446e3.jpg?v=1774017645
active,Originals Woman - Soft Vanilla - 36/37,https://cdn.shopify.com/s/files/1/0559/2694/7921/files/1_SoftVanilla_45b78841-820b-4bfe-b79e-0406bc845d85.png?v=1774017645
active,Originals Woman - Soft Vanilla - 38/39,https://cdn.shopify.com/s/files/1/0559/2694/7921/files/1_SoftVanilla_45b78841-820b-4bfe-b79e-0406bc845d85.png?v=1774017645
active,Originals Woman - Soft Vanilla - 40/41,https://cdn.shopify.com/s/files/1/0559/2694/7921/files/1_SoftVanilla_45b78841-820b-4bfe-b79e-0406bc845d85.png?v=1774017645
active,Originals Woman - Soft Vanilla - 42/43,https://cdn.shopify.com/s/files/1/0559/2694/7921/files/1_SoftVanilla_45b78841-820b-4bfe-b79e-0406bc845d85.png?v=1774017645
active,Originals Woman - Soft Vanilla - 44/45,https://cdn.shopify.com/s/files/1/0559/2694/7921/files/1_SoftVanilla_45b78841-820b-4bfe-b79e-0406bc845d85.png?v=1774017645
active,Originals Woman - Toffee Cream - 36/37,https://cdn.shopify.com/s/files/1/0559/2694/7921/files/1_ToffeeCream_4e45ba9b-c73c-48f7-bbe8-3611ff01cd13.jpg?v=1774045956
active,Originals Woman - Toffee Cream - 38/39,https://cdn.shopify.com/s/files/1/0559/2694/7921/files/1_ToffeeCream_4e45ba9b-c73c-48f7-bbe8-3611ff01cd13.jpg?v=1774045956
active,Originals Woman - Toffee Cream - 40/41,https://cdn.shopify.com/s/files/1/0559/2694/7921/files/1_ToffeeCream_4e45ba9b-c73c-48f7-bbe8-3611ff01cd13.jpg?v=1774045956
active,Originals Woman - Toffee Cream - 42/43,https://cdn.shopify.com/s/files/1/0559/2694/7921/files/1_ToffeeCream_4e45ba9b-c73c-48f7-bbe8-3611ff01cd13.jpg?v=1774045956
active,Originals Woman - Toffee Cream - 44/45,https://cdn.shopify.com/s/files/1/0559/2694/7921/files/1_ToffeeCream_4e45ba9b-c73c-48f7-bbe8-3611ff01cd13.jpg?v=1774045956
active,Originals Woman - Velvet Black - 36/37,https://cdn.shopify.com/s/files/1/0559/2694/7921/files/1_VelvetBlack_adecb3ac-f7dc-434e-bc2a-27ae09807c49.jpg?v=1774045956
active,Originals Woman - Velvet Black - 38/39,https://cdn.shopify.com/s/files/1/0559/2694/7921/files/1_VelvetBlack_adecb3ac-f7dc-434e-bc2a-27ae09807c49.jpg?v=1774045956
active,Originals Woman - Velvet Black - 40/41,https://cdn.shopify.com/s/files/1/0559/2694/7921/files/1_VelvetBlack_adecb3ac-f7dc-434e-bc2a-27ae09807c49.jpg?v=1774045956
active,Originals Woman - Velvet Black - 42/43,https://cdn.shopify.com/s/files/1/0559/2694/7921/files/1_VelvetBlack_adecb3ac-f7dc-434e-bc2a-27ae09807c49.jpg?v=1774045956
active,Originals Woman - Velvet Black - 44/45,https://cdn.shopify.com/s/files/1/0559/2694/7921/files/1_VelvetBlack_adecb3ac-f7dc-434e-bc2a-27ae09807c49.jpg?v=1774045956
active,Pro - Beige - 36/37,https://cdn.shopify.com/s/files/1/0559/2694/7921/files/ProBeigeSeitenansicht.jpg?v=1767970340
active,Pro - Beige - 38/39,https://cdn.shopify.com/s/files/1/0559/2694/7921/files/ProBeigeSeitenansicht.jpg?v=1767970340
active,Pro - Beige - 40/41,https://cdn.shopify.com/s/files/1/0559/2694/7921/files/ProBeigeSeitenansicht.jpg?v=1767970340
active,Pro - Beige - 42/43,https://cdn.shopify.com/s/files/1/0559/2694/7921/files/ProBeigeSeitenansicht.jpg?v=1767970340
active,Pro - Beige - 44/45,https://cdn.shopify.com/s/files/1/0559/2694/7921/files/ProBeigeSeitenansicht.jpg?v=1767970340
active,Pro - Beige - 46/47,https://cdn.shopify.com/s/files/1/0559/2694/7921/files/ProBeigeSeitenansicht.jpg?v=1767970340
active,Pro - Cloud Mint - 36/37,https://cdn.shopify.com/s/files/1/0559/2694/7921/files/ProCloudMintSeitenansicht.jpg?v=1767970423
active,Pro - Cloud Mint - 38/39,https://cdn.shopify.com/s/files/1/0559/2694/7921/files/ProCloudMintSeitenansicht.jpg?v=1767970423
active,Pro - Cloud Mint - 40/41,https://cdn.shopify.com/s/files/1/0559/2694/7921/files/ProCloudMintSeitenansicht.jpg?v=1767970423
active,Pro - Cloud Mint - 42/43,https://cdn.shopify.com/s/files/1/0559/2694/7921/files/ProCloudMintSeitenansicht.jpg?v=1767970423
active,Pro - Cloud Mint - 44/45,https://cdn.shopify.com/s/files/1/0559/2694/7921/files/ProCloudMintSeitenansicht.jpg?v=1767970423
active,Pro - Cloud Mint - 46/47,https://cdn.shopify.com/s/files/1/0559/2694/7921/files/ProCloudMintSeitenansicht.jpg?v=1767970423
active,Pro - Dunkelblau - 36/37,https://cdn.shopify.com/s/files/1/0559/2694/7921/files/Navy-2.png?v=1767970340
active,Pro - Dunkelblau - 38/39,https://cdn.shopify.com/s/files/1/0559/2694/7921/files/Navy-2.png?v=1767970340
active,Pro - Dunkelblau - 40/41,https://cdn.shopify.com/s/files/1/0559/2694/7921/files/Navy-2.png?v=1767970340
active,Pro - Dunkelblau - 42/43,https://cdn.shopify.com/s/files/1/0559/2694/7921/files/Navy-2.png?v=1767970340
active,Pro - Dunkelblau - 44/45,https://cdn.shopify.com/s/files/1/0559/2694/7921/files/Navy-2.png?v=1767970340
active,Pro - Dunkelblau - 46/47,https://cdn.shopify.com/s/files/1/0559/2694/7921/files/Navy-2.png?v=1767970340
active,Pro - Hellblau - 36/37,https://cdn.shopify.com/s/files/1/0559/2694/7921/files/ProHellblauSeitenansicht.jpg?v=1767970843
active,Pro - Hellblau - 38/39,https://cdn.shopify.com/s/files/1/0559/2694/7921/files/ProHellblauSeitenansicht.jpg?v=1767970843
active,Pro - Hellblau - 40/41,https://cdn.shopify.com/s/files/1/0559/2694/7921/files/ProHellblauSeitenansicht.jpg?v=1767970843
active,Pro - Hellblau - 42/43,https://cdn.shopify.com/s/files/1/0559/2694/7921/files/ProHellblauSeitenansicht.jpg?v=1767970843
active,Pro - Hellblau - 44/45,https://cdn.shopify.com/s/files/1/0559/2694/7921/files/ProHellblauSeitenansicht.jpg?v=1767970843
active,Pro - Hellblau - 46/47,https://cdn.shopify.com/s/files/1/0559/2694/7921/files/ProHellblauSeitenansicht.jpg?v=1767970843
active,Pro - Khaki - 36/37,https://cdn.shopify.com/s/files/1/0559/2694/7921/files/ProKhakiSeitenansicht.jpg?v=1767970843
active,Pro - Khaki - 38/39,https://cdn.shopify.com/s/files/1/0559/2694/7921/files/ProKhakiSeitenansicht.jpg?v=1767970843
active,Pro - Khaki - 40/41,https://cdn.shopify.com/s/files/1/0559/2694/7921/files/ProKhakiSeitenansicht.jpg?v=1767970843
active,Pro - Khaki - 42/43,https://cdn.shopify.com/s/files/1/0559/2694/7921/files/ProKhakiSeitenansicht.jpg?v=1767970843
active,Pro - Khaki - 44/45,https://cdn.shopify.com/s/files/1/0559/2694/7921/files/ProKhakiSeitenansicht.jpg?v=1767970843
active,Pro - Khaki - 46/47,https://cdn.shopify.com/s/files/1/0559/2694/7921/files/ProKhakiSeitenansicht.jpg?v=1767970843
active,Pro - Peach Infusion - 36/37,https://cdn.shopify.com/s/files/1/0559/2694/7921/files/ProPeachInfusionSeitenansicht.jpg?v=1767970843
active,Pro - Peach Infusion - 38/39,https://cdn.shopify.com/s/files/1/0559/2694/7921/files/ProPeachInfusionSeitenansicht.jpg?v=1767970843
active,Pro - Peach Infusion - 40/41,https://cdn.shopify.com/s/files/1/0559/2694/7921/files/ProPeachInfusionSeitenansicht.jpg?v=1767970843
active,Pro - Peach Infusion - 42/43,https://cdn.shopify.com/s/files/1/0559/2694/7921/files/ProPeachInfusionSeitenansicht.jpg?v=1767970843
active,Pro - Peach Infusion - 44/45,https://cdn.shopify.com/s/files/1/0559/2694/7921/files/ProPeachInfusionSeitenansicht.jpg?v=1767970843
active,Pro - Peach Infusion - 46/47,https://cdn.shopify.com/s/files/1/0559/2694/7921/files/ProPeachInfusionSeitenansicht.jpg?v=1767970843
active,Pro - Rosa - 36/37,https://cdn.shopify.com/s/files/1/0559/2694/7921/files/ProPinkSeitenansicht.jpg?v=1767970749
active,Pro - Rosa - 38/39,https://cdn.shopify.com/s/files/1/0559/2694/7921/files/ProPinkSeitenansicht.jpg?v=1767970749
active,Pro - Rosa - 40/41,https://cdn.shopify.com/s/files/1/0559/2694/7921/files/ProPinkSeitenansicht.jpg?v=1767970749
active,Pro - Rosa - 42/43,https://cdn.shopify.com/s/files/1/0559/2694/7921/files/ProPinkSeitenansicht.jpg?v=1767970749
active,Pro - Rosa - 44/45,https://cdn.shopify.com/s/files/1/0559/2694/7921/files/ProPinkSeitenansicht.jpg?v=1767970749
active,Pro - Rosa - 46/47,https://cdn.shopify.com/s/files/1/0559/2694/7921/files/ProPinkSeitenansicht.jpg?v=1767970749
active,Pro - Schwarz - 36/37,https://cdn.shopify.com/s/files/1/0559/2694/7921/files/Schwarz-2_b5ad0a7e-7a7f-4c66-bb06-fa2f918fe656.png?v=1767970340
active,Pro - Schwarz - 38/39,https://cdn.shopify.com/s/files/1/0559/2694/7921/files/Schwarz-2_b5ad0a7e-7a7f-4c66-bb06-fa2f918fe656.png?v=1767970340
active,Pro - Schwarz - 40/41,https://cdn.shopify.com/s/files/1/0559/2694/7921/files/Schwarz-2_b5ad0a7e-7a7f-4c66-bb06-fa2f918fe656.png?v=1767970340
active,Pro - Schwarz - 42/43,https://cdn.shopify.com/s/files/1/0559/2694/7921/files/Schwarz-2_b5ad0a7e-7a7f-4c66-bb06-fa2f918fe656.png?v=1767970340
active,Pro - Schwarz - 44/45,https://cdn.shopify.com/s/files/1/0559/2694/7921/files/Schwarz-2_b5ad0a7e-7a7f-4c66-bb06-fa2f918fe656.png?v=1767970340
active,Pro - Schwarz - 46/47,https://cdn.shopify.com/s/files/1/0559/2694/7921/files/Schwarz-2_b5ad0a7e-7a7f-4c66-bb06-fa2f918fe656.png?v=1767970340
active,Pro - Weiß - 36/37,https://cdn.shopify.com/s/files/1/0559/2694/7921/files/ProWeissSeitenansicht.jpg?v=1767970843
active,Pro - Weiß - 38/39,https://cdn.shopify.com/s/files/1/0559/2694/7921/files/ProWeissSeitenansicht.jpg?v=1767970843
active,Pro - Weiß - 40/41,https://cdn.shopify.com/s/files/1/0559/2694/7921/files/ProWeissSeitenansicht.jpg?v=1767970843
active,Pro - Weiß - 42/43,https://cdn.shopify.com/s/files/1/0559/2694/7921/files/ProWeissSeitenansicht.jpg?v=1767970843
active,Pro - Weiß - 44/45,https://cdn.shopify.com/s/files/1/0559/2694/7921/files/ProWeissSeitenansicht.jpg?v=1767970843
active,Pro - Weiß - 46/47,https://cdn.shopify.com/s/files/1/0559/2694/7921/files/ProWeissSeitenansicht.jpg?v=1767970843
active,Retro Sneaker 2.0 - Aqua Glass - 36,https://cdn.shopify.com/s/files/1/0559/2694/7921/files/Aqua-Glass-4.jpg?v=1776436499
active,Retro Sneaker 2.0 - Aqua Glass - 37,https://cdn.shopify.com/s/files/1/0559/2694/7921/files/Aqua-Glass-4.jpg?v=1776436499
active,Retro Sneaker 2.0 - Aqua Glass - 38,https://cdn.shopify.com/s/files/1/0559/2694/7921/files/Aqua-Glass-4.jpg?v=1776436499
active,Retro Sneaker 2.0 - Aqua Glass - 39,https://cdn.shopify.com/s/files/1/0559/2694/7921/files/Aqua-Glass-4.jpg?v=1776436499
active,Retro Sneaker 2.0 - Aqua Glass - 40,https://cdn.shopify.com/s/files/1/0559/2694/7921/files/Aqua-Glass-4.jpg?v=1776436499
active,Retro Sneaker 2.0 - Aqua Glass - 41,https://cdn.shopify.com/s/files/1/0559/2694/7921/files/Aqua-Glass-4.jpg?v=1776436499
active,Retro Sneaker 2.0 - Aqua Glass - 42,https://cdn.shopify.com/s/files/1/0559/2694/7921/files/Aqua-Glass-4.jpg?v=1776436499
active,Retro Sneaker 2.0 - Aqua Glass - 43,https://cdn.shopify.com/s/files/1/0559/2694/7921/files/Aqua-Glass-4.jpg?v=1776436499
active,Retro Sneaker 2.0 - Black Multi - 36,https://cdn.shopify.com/s/files/1/0559/2694/7921/files/Black-Multi-4_a899f6c6-807a-4057-8373-219acd58141d.jpg?v=1776436499
active,Retro Sneaker 2.0 - Black Multi - 37,https://cdn.shopify.com/s/files/1/0559/2694/7921/files/Black-Multi-4_a899f6c6-807a-4057-8373-219acd58141d.jpg?v=1776436499
active,Retro Sneaker 2.0 - Black Multi - 38,https://cdn.shopify.com/s/files/1/0559/2694/7921/files/Black-Multi-4_a899f6c6-807a-4057-8373-219acd58141d.jpg?v=1776436499
active,Retro Sneaker 2.0 - Black Multi - 39,https://cdn.shopify.com/s/files/1/0559/2694/7921/files/Black-Multi-4_a899f6c6-807a-4057-8373-219acd58141d.jpg?v=1776436499
active,Retro Sneaker 2.0 - Black Multi - 40,https://cdn.shopify.com/s/files/1/0559/2694/7921/files/Black-Multi-4_a899f6c6-807a-4057-8373-219acd58141d.jpg?v=1776436499
active,Retro Sneaker 2.0 - Black Multi - 41,https://cdn.shopify.com/s/files/1/0559/2694/7921/files/Black-Multi-4_a899f6c6-807a-4057-8373-219acd58141d.jpg?v=1776436499
active,Retro Sneaker 2.0 - Black Multi - 42,https://cdn.shopify.com/s/files/1/0559/2694/7921/files/Black-Multi-4_a899f6c6-807a-4057-8373-219acd58141d.jpg?v=1776436499
active,Retro Sneaker 2.0 - Black Multi - 43,https://cdn.shopify.com/s/files/1/0559/2694/7921/files/Black-Multi-4_a899f6c6-807a-4057-8373-219acd58141d.jpg?v=1776436499
active,Retro Sneaker 2.0 - Bronze Glow - 36,https://cdn.shopify.com/s/files/1/0559/2694/7921/files/Bronze-Glow-8.jpg?v=1776436499
active,Retro Sneaker 2.0 - Bronze Glow - 37,https://cdn.shopify.com/s/files/1/0559/2694/7921/files/Bronze-Glow-8.jpg?v=1776436499
active,Retro Sneaker 2.0 - Bronze Glow - 38,https://cdn.shopify.com/s/files/1/0559/2694/7921/files/Bronze-Glow-8.jpg?v=1776436499
active,Retro Sneaker 2.0 - Bronze Glow - 39,https://cdn.shopify.com/s/files/1/0559/2694/7921/files/Bronze-Glow-8.jpg?v=1776436499
active,Retro Sneaker 2.0 - Bronze Glow - 40,https://cdn.shopify.com/s/files/1/0559/2694/7921/files/Bronze-Glow-8.jpg?v=1776436499
active,Retro Sneaker 2.0 - Bronze Glow - 41,https://cdn.shopify.com/s/files/1/0559/2694/7921/files/Bronze-Glow-8.jpg?v=1776436499
active,Retro Sneaker 2.0 - Bronze Glow - 42,https://cdn.shopify.com/s/files/1/0559/2694/7921/files/Bronze-Glow-8.jpg?v=1776436499
active,Retro Sneaker 2.0 - Bronze Glow - 43,https://cdn.shopify.com/s/files/1/0559/2694/7921/files/Bronze-Glow-8.jpg?v=1776436499
active,Retro Sneaker 2.0 - Lemon Cream - 36,https://cdn.shopify.com/s/files/1/0559/2694/7921/files/Lemon-Cream-6.jpg?v=1776436499
active,Retro Sneaker 2.0 - Lemon Cream - 37,https://cdn.shopify.com/s/files/1/0559/2694/7921/files/Lemon-Cream-6.jpg?v=1776436499
active,Retro Sneaker 2.0 - Lemon Cream - 38,https://cdn.shopify.com/s/files/1/0559/2694/7921/files/Lemon-Cream-6.jpg?v=1776436499
active,Retro Sneaker 2.0 - Lemon Cream - 39,https://cdn.shopify.com/s/files/1/0559/2694/7921/files/Lemon-Cream-6.jpg?v=1776436499
active,Retro Sneaker 2.0 - Lemon Cream - 40,https://cdn.shopify.com/s/files/1/0559/2694/7921/files/Lemon-Cream-6.jpg?v=1776436499
active,Retro Sneaker 2.0 - Lemon Cream - 41,https://cdn.shopify.com/s/files/1/0559/2694/7921/files/Lemon-Cream-6.jpg?v=1776436499
active,Retro Sneaker 2.0 - Lemon Cream - 42,https://cdn.shopify.com/s/files/1/0559/2694/7921/files/Lemon-Cream-6.jpg?v=1776436499
active,Retro Sneaker 2.0 - Lemon Cream - 43,https://cdn.shopify.com/s/files/1/0559/2694/7921/files/Lemon-Cream-6.jpg?v=1776436499
active,Retro Sneaker 2.0 - Purple Heather - 36,https://cdn.shopify.com/s/files/1/0559/2694/7921/files/Purple-Heather-8.jpg?v=1776436499
active,Retro Sneaker 2.0 - Purple Heather - 37,https://cdn.shopify.com/s/files/1/0559/2694/7921/files/Purple-Heather-8.jpg?v=1776436499
active,Retro Sneaker 2.0 - Purple Heather - 38,https://cdn.shopify.com/s/files/1/0559/2694/7921/files/Purple-Heather-8.jpg?v=1776436499
active,Retro Sneaker 2.0 - Purple Heather - 39,https://cdn.shopify.com/s/files/1/0559/2694/7921/files/Purple-Heather-8.jpg?v=1776436499
active,Retro Sneaker 2.0 - Purple Heather - 40,https://cdn.shopify.com/s/files/1/0559/2694/7921/files/Purple-Heather-8.jpg?v=1776436499
active,Retro Sneaker 2.0 - Purple Heather - 41,https://cdn.shopify.com/s/files/1/0559/2694/7921/files/Purple-Heather-8.jpg?v=1776436499
active,Retro Sneaker 2.0 - Purple Heather - 42,https://cdn.shopify.com/s/files/1/0559/2694/7921/files/Purple-Heather-8.jpg?v=1776436499
active,Retro Sneaker 2.0 - Purple Heather - 43,https://cdn.shopify.com/s/files/1/0559/2694/7921/files/Purple-Heather-8.jpg?v=1776436499
active,Retro Sneaker 2.0 - Rose Pink - 36,https://cdn.shopify.com/s/files/1/0559/2694/7921/files/Rose-Pink-4.jpg?v=1776436499
active,Retro Sneaker 2.0 - Rose Pink - 37,https://cdn.shopify.com/s/files/1/0559/2694/7921/files/Rose-Pink-4.jpg?v=1776436499
active,Retro Sneaker 2.0 - Rose Pink - 38,https://cdn.shopify.com/s/files/1/0559/2694/7921/files/Rose-Pink-4.jpg?v=1776436499
active,Retro Sneaker 2.0 - Rose Pink - 39,https://cdn.shopify.com/s/files/1/0559/2694/7921/files/Rose-Pink-4.jpg?v=1776436499
active,Retro Sneaker 2.0 - Rose Pink - 40,https://cdn.shopify.com/s/files/1/0559/2694/7921/files/Rose-Pink-4.jpg?v=1776436499
active,Retro Sneaker 2.0 - Rose Pink - 41,https://cdn.shopify.com/s/files/1/0559/2694/7921/files/Rose-Pink-4.jpg?v=1776436499
active,Retro Sneaker 2.0 - Rose Pink - 42,https://cdn.shopify.com/s/files/1/0559/2694/7921/files/Rose-Pink-4.jpg?v=1776436499
active,Retro Sneaker 2.0 - Rose Pink - 43,https://cdn.shopify.com/s/files/1/0559/2694/7921/files/Rose-Pink-4.jpg?v=1776436499
active,Retro Sneaker 2.0 - White Silver - 36,https://cdn.shopify.com/s/files/1/0559/2694/7921/files/White-Silver-4.jpg?v=1776436499
active,Retro Sneaker 2.0 - White Silver - 37,https://cdn.shopify.com/s/files/1/0559/2694/7921/files/White-Silver-4.jpg?v=1776436499
active,Retro Sneaker 2.0 - White Silver - 38,https://cdn.shopify.com/s/files/1/0559/2694/7921/files/White-Silver-4.jpg?v=1776436499
active,Retro Sneaker 2.0 - White Silver - 39,https://cdn.shopify.com/s/files/1/0559/2694/7921/files/White-Silver-4.jpg?v=1776436499
active,Retro Sneaker 2.0 - White Silver - 40,https://cdn.shopify.com/s/files/1/0559/2694/7921/files/White-Silver-4.jpg?v=1776436499
active,Retro Sneaker 2.0 - White Silver - 41,https://cdn.shopify.com/s/files/1/0559/2694/7921/files/White-Silver-4.jpg?v=1776436499
active,Retro Sneaker 2.0 - White Silver - 42,https://cdn.shopify.com/s/files/1/0559/2694/7921/files/White-Silver-4.jpg?v=1776436499
active,Retro Sneaker 2.0 - White Silver - 43,https://cdn.shopify.com/s/files/1/0559/2694/7921/files/White-Silver-4.jpg?v=1776436499
active,Snowboots 2.0 - Black Bear - 36,https://cdn.shopify.com/s/files/1/0559/2694/7921/files/4_dc81ac68-6f54-47e5-8bcf-6e8f9ee93e65.jpg?v=1764098471
active,Snowboots 2.0 - Black Bear - 37,https://cdn.shopify.com/s/files/1/0559/2694/7921/files/4_dc81ac68-6f54-47e5-8bcf-6e8f9ee93e65.jpg?v=1764098471
active,Snowboots 2.0 - Black Bear - 38,https://cdn.shopify.com/s/files/1/0559/2694/7921/files/4_dc81ac68-6f54-47e5-8bcf-6e8f9ee93e65.jpg?v=1764098471
active,Snowboots 2.0 - Black Bear - 39,https://cdn.shopify.com/s/files/1/0559/2694/7921/files/4_dc81ac68-6f54-47e5-8bcf-6e8f9ee93e65.jpg?v=1764098471
active,Snowboots 2.0 - Black Bear - 40,https://cdn.shopify.com/s/files/1/0559/2694/7921/files/4_dc81ac68-6f54-47e5-8bcf-6e8f9ee93e65.jpg?v=1764098471
active,Snowboots 2.0 - Black Bear - 41,https://cdn.shopify.com/s/files/1/0559/2694/7921/files/4_dc81ac68-6f54-47e5-8bcf-6e8f9ee93e65.jpg?v=1764098471
active,Snowboots 2.0 - Black Bear - 42,https://cdn.shopify.com/s/files/1/0559/2694/7921/files/4_dc81ac68-6f54-47e5-8bcf-6e8f9ee93e65.jpg?v=1764098471
active,Snowboots 2.0 - Black Bear - 43,https://cdn.shopify.com/s/files/1/0559/2694/7921/files/4_dc81ac68-6f54-47e5-8bcf-6e8f9ee93e65.jpg?v=1764098471
active,Snowboots 2.0 - Dune Drift - 36,https://cdn.shopify.com/s/files/1/0559/2694/7921/files/19_a8b71807-aaa3-4a0f-9f4a-17771c8f4b53.jpg?v=1759446122
active,Snowboots 2.0 - Dune Drift - 37,https://cdn.shopify.com/s/files/1/0559/2694/7921/files/19_a8b71807-aaa3-4a0f-9f4a-17771c8f4b53.jpg?v=1759446122
active,Snowboots 2.0 - Dune Drift - 38,https://cdn.shopify.com/s/files/1/0559/2694/7921/files/19_a8b71807-aaa3-4a0f-9f4a-17771c8f4b53.jpg?v=1759446122
active,Snowboots 2.0 - Dune Drift - 39,https://cdn.shopify.com/s/files/1/0559/2694/7921/files/19_a8b71807-aaa3-4a0f-9f4a-17771c8f4b53.jpg?v=1759446122
active,Snowboots 2.0 - Dune Drift - 40,https://cdn.shopify.com/s/files/1/0559/2694/7921/files/19_a8b71807-aaa3-4a0f-9f4a-17771c8f4b53.jpg?v=1759446122
active,Snowboots 2.0 - Dune Drift - 41,https://cdn.shopify.com/s/files/1/0559/2694/7921/files/19_a8b71807-aaa3-4a0f-9f4a-17771c8f4b53.jpg?v=1759446122
active,Snowboots 2.0 - Dune Drift - 42,https://cdn.shopify.com/s/files/1/0559/2694/7921/files/19_a8b71807-aaa3-4a0f-9f4a-17771c8f4b53.jpg?v=1759446122
active,Snowboots 2.0 - Dune Drift - 43,https://cdn.shopify.com/s/files/1/0559/2694/7921/files/19_a8b71807-aaa3-4a0f-9f4a-17771c8f4b53.jpg?v=1759446122
active,Snowboots 2.0 - Frosty Rose - 36,https://cdn.shopify.com/s/files/1/0559/2694/7921/files/22_efd81278-1a25-4cd5-a187-438b9cc283cb.jpg?v=1759446122
active,Snowboots 2.0 - Frosty Rose - 37,https://cdn.shopify.com/s/files/1/0559/2694/7921/files/22_efd81278-1a25-4cd5-a187-438b9cc283cb.jpg?v=1759446122
active,Snowboots 2.0 - Frosty Rose - 38,https://cdn.shopify.com/s/files/1/0559/2694/7921/files/22_efd81278-1a25-4cd5-a187-438b9cc283cb.jpg?v=1759446122
active,Snowboots 2.0 - Frosty Rose - 39,https://cdn.shopify.com/s/files/1/0559/2694/7921/files/22_efd81278-1a25-4cd5-a187-438b9cc283cb.jpg?v=1759446122
active,Snowboots 2.0 - Frosty Rose - 40,https://cdn.shopify.com/s/files/1/0559/2694/7921/files/22_efd81278-1a25-4cd5-a187-438b9cc283cb.jpg?v=1759446122
active,Snowboots 2.0 - Frosty Rose - 41,https://cdn.shopify.com/s/files/1/0559/2694/7921/files/22_efd81278-1a25-4cd5-a187-438b9cc283cb.jpg?v=1759446122
active,Snowboots 2.0 - Frosty Rose - 42,https://cdn.shopify.com/s/files/1/0559/2694/7921/files/22_efd81278-1a25-4cd5-a187-438b9cc283cb.jpg?v=1759446122
active,Snowboots 2.0 - Frosty Rose - 43,https://cdn.shopify.com/s/files/1/0559/2694/7921/files/22_efd81278-1a25-4cd5-a187-438b9cc283cb.jpg?v=1759446122
active,Snowboots 2.0 - Ice Bear - 36,https://cdn.shopify.com/s/files/1/0559/2694/7921/files/8_f22a0abf-0a3d-49aa-806d-8c312251a24f.jpg?v=1764098471
active,Snowboots 2.0 - Ice Bear - 37,https://cdn.shopify.com/s/files/1/0559/2694/7921/files/8_f22a0abf-0a3d-49aa-806d-8c312251a24f.jpg?v=1764098471
active,Snowboots 2.0 - Ice Bear - 38,https://cdn.shopify.com/s/files/1/0559/2694/7921/files/8_f22a0abf-0a3d-49aa-806d-8c312251a24f.jpg?v=1764098471
active,Snowboots 2.0 - Ice Bear - 39,https://cdn.shopify.com/s/files/1/0559/2694/7921/files/8_f22a0abf-0a3d-49aa-806d-8c312251a24f.jpg?v=1764098471
active,Snowboots 2.0 - Ice Bear - 40,https://cdn.shopify.com/s/files/1/0559/2694/7921/files/8_f22a0abf-0a3d-49aa-806d-8c312251a24f.jpg?v=1764098471
active,Snowboots 2.0 - Ice Bear - 41,https://cdn.shopify.com/s/files/1/0559/2694/7921/files/8_f22a0abf-0a3d-49aa-806d-8c312251a24f.jpg?v=1764098471
active,Snowboots 2.0 - Ice Bear - 42,https://cdn.shopify.com/s/files/1/0559/2694/7921/files/8_f22a0abf-0a3d-49aa-806d-8c312251a24f.jpg?v=1764098471
active,Snowboots 2.0 - Ice Bear - 43,https://cdn.shopify.com/s/files/1/0559/2694/7921/files/8_f22a0abf-0a3d-49aa-806d-8c312251a24f.jpg?v=1764098471
active,Snowboots 2.0 - Icebreaker - 36,https://cdn.shopify.com/s/files/1/0559/2694/7921/files/16_8988581a-e694-4988-8819-9aa73e395e8a.jpg?v=1764098471
active,Snowboots 2.0 - Icebreaker - 37,https://cdn.shopify.com/s/files/1/0559/2694/7921/files/16_8988581a-e694-4988-8819-9aa73e395e8a.jpg?v=1764098471
active,Snowboots 2.0 - Icebreaker - 38,https://cdn.shopify.com/s/files/1/0559/2694/7921/files/16_8988581a-e694-4988-8819-9aa73e395e8a.jpg?v=1764098471
active,Snowboots 2.0 - Icebreaker - 39,https://cdn.shopify.com/s/files/1/0559/2694/7921/files/16_8988581a-e694-4988-8819-9aa73e395e8a.jpg?v=1764098471
active,Snowboots 2.0 - Icebreaker - 40,https://cdn.shopify.com/s/files/1/0559/2694/7921/files/16_8988581a-e694-4988-8819-9aa73e395e8a.jpg?v=1764098471
active,Snowboots 2.0 - Icebreaker - 41,https://cdn.shopify.com/s/files/1/0559/2694/7921/files/16_8988581a-e694-4988-8819-9aa73e395e8a.jpg?v=1764098471
active,Snowboots 2.0 - Icebreaker - 42,https://cdn.shopify.com/s/files/1/0559/2694/7921/files/16_8988581a-e694-4988-8819-9aa73e395e8a.jpg?v=1764098471
active,Snowboots 2.0 - Icebreaker - 43,https://cdn.shopify.com/s/files/1/0559/2694/7921/files/16_8988581a-e694-4988-8819-9aa73e395e8a.jpg?v=1764098471
active,Snowboots 2.0 - Nightfall - 36,https://cdn.shopify.com/s/files/1/0559/2694/7921/files/1_47fe9037-267c-48c7-8ded-12b00caf3cf6.jpg?v=1764098471
active,Snowboots 2.0 - Nightfall - 37,https://cdn.shopify.com/s/files/1/0559/2694/7921/files/1_47fe9037-267c-48c7-8ded-12b00caf3cf6.jpg?v=1764098471
active,Snowboots 2.0 - Nightfall - 38,https://cdn.shopify.com/s/files/1/0559/2694/7921/files/1_47fe9037-267c-48c7-8ded-12b00caf3cf6.jpg?v=1764098471
active,Snowboots 2.0 - Nightfall - 39,https://cdn.shopify.com/s/files/1/0559/2694/7921/files/1_47fe9037-267c-48c7-8ded-12b00caf3cf6.jpg?v=1764098471
active,Snowboots 2.0 - Nightfall - 40,https://cdn.shopify.com/s/files/1/0559/2694/7921/files/1_47fe9037-267c-48c7-8ded-12b00caf3cf6.jpg?v=1764098471
active,Snowboots 2.0 - Nightfall - 41,https://cdn.shopify.com/s/files/1/0559/2694/7921/files/1_47fe9037-267c-48c7-8ded-12b00caf3cf6.jpg?v=1764098471
active,Snowboots 2.0 - Nightfall - 42,https://cdn.shopify.com/s/files/1/0559/2694/7921/files/1_47fe9037-267c-48c7-8ded-12b00caf3cf6.jpg?v=1764098471
active,Snowboots 2.0 - Nightfall - 43,https://cdn.shopify.com/s/files/1/0559/2694/7921/files/1_47fe9037-267c-48c7-8ded-12b00caf3cf6.jpg?v=1764098471
active,Snowboots 2.0 - Snowbear Tan - 36,https://cdn.shopify.com/s/files/1/0559/2694/7921/files/12_81cb25ea-31d2-4e8b-9fdc-d65af4ae0f66.jpg?v=1764098471
active,Snowboots 2.0 - Snowbear Tan - 37,https://cdn.shopify.com/s/files/1/0559/2694/7921/files/12_81cb25ea-31d2-4e8b-9fdc-d65af4ae0f66.jpg?v=1764098471
active,Snowboots 2.0 - Snowbear Tan - 38,https://cdn.shopify.com/s/files/1/0559/2694/7921/files/12_81cb25ea-31d2-4e8b-9fdc-d65af4ae0f66.jpg?v=1764098471
active,Snowboots 2.0 - Snowbear Tan - 39,https://cdn.shopify.com/s/files/1/0559/2694/7921/files/12_81cb25ea-31d2-4e8b-9fdc-d65af4ae0f66.jpg?v=1764098471
active,Snowboots 2.0 - Snowbear Tan - 40,https://cdn.shopify.com/s/files/1/0559/2694/7921/files/12_81cb25ea-31d2-4e8b-9fdc-d65af4ae0f66.jpg?v=1764098471
active,Snowboots 2.0 - Snowbear Tan - 41,https://cdn.shopify.com/s/files/1/0559/2694/7921/files/12_81cb25ea-31d2-4e8b-9fdc-d65af4ae0f66.jpg?v=1764098471
active,Snowboots 2.0 - Snowbear Tan - 42,https://cdn.shopify.com/s/files/1/0559/2694/7921/files/12_81cb25ea-31d2-4e8b-9fdc-d65af4ae0f66.jpg?v=1764098471
active,Snowboots 2.0 - Snowbear Tan - 43,https://cdn.shopify.com/s/files/1/0559/2694/7921/files/12_81cb25ea-31d2-4e8b-9fdc-d65af4ae0f66.jpg?v=1764098471
active,Step-Ins 3.0 Men - Classic Black - 40,https://cdn.shopify.com/s/files/1/0559/2694/7921/files/dieseo-mens-stepins64.png?v=1772840614
active,Step-Ins 3.0 Men - Classic Black - 41,https://cdn.shopify.com/s/files/1/0559/2694/7921/files/dieseo-mens-stepins64.png?v=1772840614
active,Step-Ins 3.0 Men - Classic Black - 42,https://cdn.shopify.com/s/files/1/0559/2694/7921/files/dieseo-mens-stepins64.png?v=1772840614
active,Step-Ins 3.0 Men - Classic Black - 43,https://cdn.shopify.com/s/files/1/0559/2694/7921/files/dieseo-mens-stepins64.png?v=1772840614
active,Step-Ins 3.0 Men - Classic Black - 44,https://cdn.shopify.com/s/files/1/0559/2694/7921/files/dieseo-mens-stepins64.png?v=1772840614
active,Step-Ins 3.0 Men - Classic Black - 45,https://cdn.shopify.com/s/files/1/0559/2694/7921/files/dieseo-mens-stepins64.png?v=1772840614
active,Step-Ins 3.0 Men - Classic Black - 46,https://cdn.shopify.com/s/files/1/0559/2694/7921/files/dieseo-mens-stepins64.png?v=1772840614
active,Step-Ins 3.0 Men - Classic Black - 47,https://cdn.shopify.com/s/files/1/0559/2694/7921/files/dieseo-mens-stepins64.png?v=1772840614
active,Step-Ins 3.0 Men - Midnight Black - 40,https://cdn.shopify.com/s/files/1/0559/2694/7921/files/dieseo-mens-stepins63.png?v=1772840614
active,Step-Ins 3.0 Men - Midnight Black - 41,https://cdn.shopify.com/s/files/1/0559/2694/7921/files/dieseo-mens-stepins63.png?v=1772840614
active,Step-Ins 3.0 Men - Midnight Black - 42,https://cdn.shopify.com/s/files/1/0559/2694/7921/files/dieseo-mens-stepins63.png?v=1772840614
active,Step-Ins 3.0 Men - Midnight Black - 43,https://cdn.shopify.com/s/files/1/0559/2694/7921/files/dieseo-mens-stepins63.png?v=1772840614
active,Step-Ins 3.0 Men - Midnight Black - 44,https://cdn.shopify.com/s/files/1/0559/2694/7921/files/dieseo-mens-stepins63.png?v=1772840614
active,Step-Ins 3.0 Men - Midnight Black - 45,https://cdn.shopify.com/s/files/1/0559/2694/7921/files/dieseo-mens-stepins63.png?v=1772840614
active,Step-Ins 3.0 Men - Midnight Black - 46,https://cdn.shopify.com/s/files/1/0559/2694/7921/files/dieseo-mens-stepins63.png?v=1772840614
active,Step-Ins 3.0 Men - Midnight Black - 47,https://cdn.shopify.com/s/files/1/0559/2694/7921/files/dieseo-mens-stepins63.png?v=1772840614
active,Step-Ins 3.0 Men - Sporty White - 40,https://cdn.shopify.com/s/files/1/0559/2694/7921/files/dieseo-mens-stepins62.png?v=1772837362
active,Step-Ins 3.0 Men - Sporty White - 41,https://cdn.shopify.com/s/files/1/0559/2694/7921/files/dieseo-mens-stepins62.png?v=1772837362
active,Step-Ins 3.0 Men - Sporty White - 42,https://cdn.shopify.com/s/files/1/0559/2694/7921/files/dieseo-mens-stepins62.png?v=1772837362
active,Step-Ins 3.0 Men - Sporty White - 43,https://cdn.shopify.com/s/files/1/0559/2694/7921/files/dieseo-mens-stepins62.png?v=1772837362
active,Step-Ins 3.0 Men - Sporty White - 44,https://cdn.shopify.com/s/files/1/0559/2694/7921/files/dieseo-mens-stepins62.png?v=1772837362
active,Step-Ins 3.0 Men - Sporty White - 45,https://cdn.shopify.com/s/files/1/0559/2694/7921/files/dieseo-mens-stepins62.png?v=1772837362
active,Step-Ins 3.0 Men - Sporty White - 46,https://cdn.shopify.com/s/files/1/0559/2694/7921/files/dieseo-mens-stepins62.png?v=1772837362
active,Step-Ins 3.0 Men - Sporty White - 47,https://cdn.shopify.com/s/files/1/0559/2694/7921/files/dieseo-mens-stepins62.png?v=1772837362
active,Step-Ins 3.0 Men - Tornado Grey - 40,https://cdn.shopify.com/s/files/1/0559/2694/7921/files/dieseo-mens-stepins61.png?v=1772840614
active,Step-Ins 3.0 Men - Tornado Grey - 41,https://cdn.shopify.com/s/files/1/0559/2694/7921/files/dieseo-mens-stepins61.png?v=1772840614
active,Step-Ins 3.0 Men - Tornado Grey - 42,https://cdn.shopify.com/s/files/1/0559/2694/7921/files/dieseo-mens-stepins61.png?v=1772840614
active,Step-Ins 3.0 Men - Tornado Grey - 43,https://cdn.shopify.com/s/files/1/0559/2694/7921/files/dieseo-mens-stepins61.png?v=1772840614
active,Step-Ins 3.0 Men - Tornado Grey - 44,https://cdn.shopify.com/s/files/1/0559/2694/7921/files/dieseo-mens-stepins61.png?v=1772840614
active,Step-Ins 3.0 Men - Tornado Grey - 45,https://cdn.shopify.com/s/files/1/0559/2694/7921/files/dieseo-mens-stepins61.png?v=1772840614
active,Step-Ins 3.0 Men - Tornado Grey - 46,https://cdn.shopify.com/s/files/1/0559/2694/7921/files/dieseo-mens-stepins61.png?v=1772840614
active,Step-Ins 3.0 Men - Tornado Grey - 47,https://cdn.shopify.com/s/files/1/0559/2694/7921/files/dieseo-mens-stepins61.png?v=1772840614
active,Step-Ins 3.0 Men - Urban Khaki - 40,https://cdn.shopify.com/s/files/1/0559/2694/7921/files/dieseo-mens-stepins60.png?v=1772840614
active,Step-Ins 3.0 Men - Urban Khaki - 41,https://cdn.shopify.com/s/files/1/0559/2694/7921/files/dieseo-mens-stepins60.png?v=1772840614
active,Step-Ins 3.0 Men - Urban Khaki - 42,https://cdn.shopify.com/s/files/1/0559/2694/7921/files/dieseo-mens-stepins60.png?v=1772840614
active,Step-Ins 3.0 Men - Urban Khaki - 43,https://cdn.shopify.com/s/files/1/0559/2694/7921/files/dieseo-mens-stepins60.png?v=1772840614
active,Step-Ins 3.0 Men - Urban Khaki - 44,https://cdn.shopify.com/s/files/1/0559/2694/7921/files/dieseo-mens-stepins60.png?v=1772840614
active,Step-Ins 3.0 Men - Urban Khaki - 45,https://cdn.shopify.com/s/files/1/0559/2694/7921/files/dieseo-mens-stepins60.png?v=1772840614
active,Step-Ins 3.0 Men - Urban Khaki - 46,https://cdn.shopify.com/s/files/1/0559/2694/7921/files/dieseo-mens-stepins60.png?v=1772840614
active,Step-Ins 3.0 Men - Urban Khaki - 47,https://cdn.shopify.com/s/files/1/0559/2694/7921/files/dieseo-mens-stepins60.png?v=1772840614
active,Step-Ins 3.0 Women - Classic Black - 36,https://cdn.shopify.com/s/files/1/0559/2694/7921/files/Dieseo_Step-In3.0_Women_Black-01.jpg?v=1772847406
active,Step-Ins 3.0 Women - Classic Black - 37,https://cdn.shopify.com/s/files/1/0559/2694/7921/files/Dieseo_Step-In3.0_Women_Black-01.jpg?v=1772847406
active,Step-Ins 3.0 Women - Classic Black - 38,https://cdn.shopify.com/s/files/1/0559/2694/7921/files/Dieseo_Step-In3.0_Women_Black-01.jpg?v=1772847406
active,Step-Ins 3.0 Women - Classic Black - 39,https://cdn.shopify.com/s/files/1/0559/2694/7921/files/Dieseo_Step-In3.0_Women_Black-01.jpg?v=1772847406
active,Step-Ins 3.0 Women - Classic Black - 40,https://cdn.shopify.com/s/files/1/0559/2694/7921/files/Dieseo_Step-In3.0_Women_Black-01.jpg?v=1772847406
active,Step-Ins 3.0 Women - Classic Black - 41,https://cdn.shopify.com/s/files/1/0559/2694/7921/files/Dieseo_Step-In3.0_Women_Black-01.jpg?v=1772847406
active,Step-Ins 3.0 Women - Classic Black - 42,https://cdn.shopify.com/s/files/1/0559/2694/7921/files/Dieseo_Step-In3.0_Women_Black-01.jpg?v=1772847406
active,Step-Ins 3.0 Women - Classic Black - 43,https://cdn.shopify.com/s/files/1/0559/2694/7921/files/Dieseo_Step-In3.0_Women_Black-01.jpg?v=1772847406
active,Step-Ins 3.0 Women - Midnight Black - 36,https://cdn.shopify.com/s/files/1/0559/2694/7921/files/Dieseo_Step-In3.0_Women_Midnight-Black-01.jpg?v=1773786071
active,Step-Ins 3.0 Women - Midnight Black - 37,https://cdn.shopify.com/s/files/1/0559/2694/7921/files/Dieseo_Step-In3.0_Women_Midnight-Black-01.jpg?v=1773786071
active,Step-Ins 3.0 Women - Midnight Black - 38,https://cdn.shopify.com/s/files/1/0559/2694/7921/files/Dieseo_Step-In3.0_Women_Midnight-Black-01.jpg?v=1773786071
active,Step-Ins 3.0 Women - Midnight Black - 39,https://cdn.shopify.com/s/files/1/0559/2694/7921/files/Dieseo_Step-In3.0_Women_Midnight-Black-01.jpg?v=1773786071
active,Step-Ins 3.0 Women - Midnight Black - 40,https://cdn.shopify.com/s/files/1/0559/2694/7921/files/Dieseo_Step-In3.0_Women_Midnight-Black-01.jpg?v=1773786071
active,Step-Ins 3.0 Women - Midnight Black - 41,https://cdn.shopify.com/s/files/1/0559/2694/7921/files/Dieseo_Step-In3.0_Women_Midnight-Black-01.jpg?v=1773786071
active,Step-Ins 3.0 Women - Midnight Black - 42,https://cdn.shopify.com/s/files/1/0559/2694/7921/files/Dieseo_Step-In3.0_Women_Midnight-Black-01.jpg?v=1773786071
active,Step-Ins 3.0 Women - Midnight Black - 43,https://cdn.shopify.com/s/files/1/0559/2694/7921/files/Dieseo_Step-In3.0_Women_Midnight-Black-01.jpg?v=1773786071
active,Step-Ins 3.0 Women - Powder Beige - 36,https://cdn.shopify.com/s/files/1/0559/2694/7921/files/Dieseo_Step-In3.0_Women_Beige-01.jpg?v=1773786071
active,Step-Ins 3.0 Women - Powder Beige - 37,https://cdn.shopify.com/s/files/1/0559/2694/7921/files/Dieseo_Step-In3.0_Women_Beige-01.jpg?v=1773786071
active,Step-Ins 3.0 Women - Powder Beige - 38,https://cdn.shopify.com/s/files/1/0559/2694/7921/files/Dieseo_Step-In3.0_Women_Beige-01.jpg?v=1773786071
active,Step-Ins 3.0 Women - Powder Beige - 39,https://cdn.shopify.com/s/files/1/0559/2694/7921/files/Dieseo_Step-In3.0_Women_Beige-01.jpg?v=1773786071
active,Step-Ins 3.0 Women - Powder Beige - 40,https://cdn.shopify.com/s/files/1/0559/2694/7921/files/Dieseo_Step-In3.0_Women_Beige-01.jpg?v=1773786071
active,Step-Ins 3.0 Women - Powder Beige - 41,https://cdn.shopify.com/s/files/1/0559/2694/7921/files/Dieseo_Step-In3.0_Women_Beige-01.jpg?v=1773786071
active,Step-Ins 3.0 Women - Powder Beige - 42,https://cdn.shopify.com/s/files/1/0559/2694/7921/files/Dieseo_Step-In3.0_Women_Beige-01.jpg?v=1773786071
active,Step-Ins 3.0 Women - Powder Beige - 43,https://cdn.shopify.com/s/files/1/0559/2694/7921/files/Dieseo_Step-In3.0_Women_Beige-01.jpg?v=1773786071
active,Step-Ins 3.0 Women - Soft Pink - 36,https://cdn.shopify.com/s/files/1/0559/2694/7921/files/Dieseo_Step-In3.0_Women_Pink-01.jpg?v=1773786071
active,Step-Ins 3.0 Women - Soft Pink - 37,https://cdn.shopify.com/s/files/1/0559/2694/7921/files/Dieseo_Step-In3.0_Women_Pink-01.jpg?v=1773786071
active,Step-Ins 3.0 Women - Soft Pink - 38,https://cdn.shopify.com/s/files/1/0559/2694/7921/files/Dieseo_Step-In3.0_Women_Pink-01.jpg?v=1773786071
active,Step-Ins 3.0 Women - Soft Pink - 39,https://cdn.shopify.com/s/files/1/0559/2694/7921/files/Dieseo_Step-In3.0_Women_Pink-01.jpg?v=1773786071
active,Step-Ins 3.0 Women - Soft Pink - 40,https://cdn.shopify.com/s/files/1/0559/2694/7921/files/Dieseo_Step-In3.0_Women_Pink-01.jpg?v=1773786071
active,Step-Ins 3.0 Women - Soft Pink - 41,https://cdn.shopify.com/s/files/1/0559/2694/7921/files/Dieseo_Step-In3.0_Women_Pink-01.jpg?v=1773786071
active,Step-Ins 3.0 Women - Soft Pink - 42,https://cdn.shopify.com/s/files/1/0559/2694/7921/files/Dieseo_Step-In3.0_Women_Pink-01.jpg?v=1773786071
active,Step-Ins 3.0 Women - Soft Pink - 43,https://cdn.shopify.com/s/files/1/0559/2694/7921/files/Dieseo_Step-In3.0_Women_Pink-01.jpg?v=1773786071
active,Step-Ins 3.0 Women - Sporty White - 36,https://cdn.shopify.com/s/files/1/0559/2694/7921/files/Dieseo_Step-In3.0_Women_White-01.jpg?v=1773786071
active,Step-Ins 3.0 Women - Sporty White - 37,https://cdn.shopify.com/s/files/1/0559/2694/7921/files/Dieseo_Step-In3.0_Women_White-01.jpg?v=1773786071
active,Step-Ins 3.0 Women - Sporty White - 38,https://cdn.shopify.com/s/files/1/0559/2694/7921/files/Dieseo_Step-In3.0_Women_White-01.jpg?v=1773786071
active,Step-Ins 3.0 Women - Sporty White - 39,https://cdn.shopify.com/s/files/1/0559/2694/7921/files/Dieseo_Step-In3.0_Women_White-01.jpg?v=1773786071
active,Step-Ins 3.0 Women - Sporty White - 40,https://cdn.shopify.com/s/files/1/0559/2694/7921/files/Dieseo_Step-In3.0_Women_White-01.jpg?v=1773786071
active,Step-Ins 3.0 Women - Sporty White - 41,https://cdn.shopify.com/s/files/1/0559/2694/7921/files/Dieseo_Step-In3.0_Women_White-01.jpg?v=1773786071
active,Step-Ins 3.0 Women - Sporty White - 42,https://cdn.shopify.com/s/files/1/0559/2694/7921/files/Dieseo_Step-In3.0_Women_White-01.jpg?v=1773786071
active,Step-Ins 3.0 Women - Sporty White - 43,https://cdn.shopify.com/s/files/1/0559/2694/7921/files/Dieseo_Step-In3.0_Women_White-01.jpg?v=1773786071
active,Step-Ins 3.0 Kids - Classic Black - 26,https://cdn.shopify.com/s/files/1/0559/2694/7921/files/Step-Ins3.0Kids38.png?v=1771622471
active,Step-Ins 3.0 Kids - Classic Black - 27,https://cdn.shopify.com/s/files/1/0559/2694/7921/files/Step-Ins3.0Kids38.png?v=1771622471
active,Step-Ins 3.0 Kids - Classic Black - 28,https://cdn.shopify.com/s/files/1/0559/2694/7921/files/Step-Ins3.0Kids38.png?v=1771622471
active,Step-Ins 3.0 Kids - Classic Black - 29,https://cdn.shopify.com/s/files/1/0559/2694/7921/files/Step-Ins3.0Kids38.png?v=1771622471
active,Step-Ins 3.0 Kids - Classic Black - 30,https://cdn.shopify.com/s/files/1/0559/2694/7921/files/Step-Ins3.0Kids38.png?v=1771622471
active,Step-Ins 3.0 Kids - Classic Black - 31,https://cdn.shopify.com/s/files/1/0559/2694/7921/files/Step-Ins3.0Kids38.png?v=1771622471
active,Step-Ins 3.0 Kids - Classic Black - 32,https://cdn.shopify.com/s/files/1/0559/2694/7921/files/Step-Ins3.0Kids38.png?v=1771622471
active,Step-Ins 3.0 Kids - Classic Black - 33,https://cdn.shopify.com/s/files/1/0559/2694/7921/files/Step-Ins3.0Kids38.png?v=1771622471
active,Step-Ins 3.0 Kids - Classic Black - 34,https://cdn.shopify.com/s/files/1/0559/2694/7921/files/Step-Ins3.0Kids38.png?v=1771622471
active,Step-Ins 3.0 Kids - Classic Black - 35,https://cdn.shopify.com/s/files/1/0559/2694/7921/files/Step-Ins3.0Kids38.png?v=1771622471
active,Step-Ins 3.0 Kids - Cloud Blue - 26,https://cdn.shopify.com/s/files/1/0559/2694/7921/files/Step-Ins3.0Kids34.png?v=1771616451
active,Step-Ins 3.0 Kids - Cloud Blue - 27,https://cdn.shopify.com/s/files/1/0559/2694/7921/files/Step-Ins3.0Kids34.png?v=1771616451
active,Step-Ins 3.0 Kids - Cloud Blue - 28,https://cdn.shopify.com/s/files/1/0559/2694/7921/files/Step-Ins3.0Kids34.png?v=1771616451
active,Step-Ins 3.0 Kids - Cloud Blue - 29,https://cdn.shopify.com/s/files/1/0559/2694/7921/files/Step-Ins3.0Kids34.png?v=1771616451
active,Step-Ins 3.0 Kids - Cloud Blue - 30,https://cdn.shopify.com/s/files/1/0559/2694/7921/files/Step-Ins3.0Kids34.png?v=1771616451
active,Step-Ins 3.0 Kids - Cloud Blue - 31,https://cdn.shopify.com/s/files/1/0559/2694/7921/files/Step-Ins3.0Kids34.png?v=1771616451
active,Step-Ins 3.0 Kids - Cloud Blue - 32,https://cdn.shopify.com/s/files/1/0559/2694/7921/files/Step-Ins3.0Kids34.png?v=1771616451
active,Step-Ins 3.0 Kids - Cloud Blue - 33,https://cdn.shopify.com/s/files/1/0559/2694/7921/files/Step-Ins3.0Kids34.png?v=1771616451
active,Step-Ins 3.0 Kids - Cloud Blue - 34,https://cdn.shopify.com/s/files/1/0559/2694/7921/files/Step-Ins3.0Kids34.png?v=1771616451
active,Step-Ins 3.0 Kids - Cloud Blue - 35,https://cdn.shopify.com/s/files/1/0559/2694/7921/files/Step-Ins3.0Kids34.png?v=1771616451
active,Step-Ins 3.0 Kids - Cream Beige - 26,https://cdn.shopify.com/s/files/1/0559/2694/7921/files/Step-Ins3.0Kids28.png?v=1771622471
active,Step-Ins 3.0 Kids - Cream Beige - 27,https://cdn.shopify.com/s/files/1/0559/2694/7921/files/Step-Ins3.0Kids28.png?v=1771622471
active,Step-Ins 3.0 Kids - Cream Beige - 28,https://cdn.shopify.com/s/files/1/0559/2694/7921/files/Step-Ins3.0Kids28.png?v=1771622471
active,Step-Ins 3.0 Kids - Cream Beige - 29,https://cdn.shopify.com/s/files/1/0559/2694/7921/files/Step-Ins3.0Kids28.png?v=1771622471
active,Step-Ins 3.0 Kids - Cream Beige - 30,https://cdn.shopify.com/s/files/1/0559/2694/7921/files/Step-Ins3.0Kids28.png?v=1771622471
active,Step-Ins 3.0 Kids - Cream Beige - 31,https://cdn.shopify.com/s/files/1/0559/2694/7921/files/Step-Ins3.0Kids28.png?v=1771622471
active,Step-Ins 3.0 Kids - Cream Beige - 32,https://cdn.shopify.com/s/files/1/0559/2694/7921/files/Step-Ins3.0Kids28.png?v=1771622471
active,Step-Ins 3.0 Kids - Cream Beige - 33,https://cdn.shopify.com/s/files/1/0559/2694/7921/files/Step-Ins3.0Kids28.png?v=1771622471
active,Step-Ins 3.0 Kids - Cream Beige - 34,https://cdn.shopify.com/s/files/1/0559/2694/7921/files/Step-Ins3.0Kids28.png?v=1771622471
active,Step-Ins 3.0 Kids - Cream Beige - 35,https://cdn.shopify.com/s/files/1/0559/2694/7921/files/Step-Ins3.0Kids28.png?v=1771622471
active,Step-Ins 3.0 Kids - Soft Pink - 26,https://cdn.shopify.com/s/files/1/0559/2694/7921/files/Step-Ins3.0Kids27.png?v=1771622471
active,Step-Ins 3.0 Kids - Soft Pink - 27,https://cdn.shopify.com/s/files/1/0559/2694/7921/files/Step-Ins3.0Kids27.png?v=1771622471
active,Step-Ins 3.0 Kids - Soft Pink - 28,https://cdn.shopify.com/s/files/1/0559/2694/7921/files/Step-Ins3.0Kids27.png?v=1771622471
active,Step-Ins 3.0 Kids - Soft Pink - 29,https://cdn.shopify.com/s/files/1/0559/2694/7921/files/Step-Ins3.0Kids27.png?v=1771622471
active,Step-Ins 3.0 Kids - Soft Pink - 30,https://cdn.shopify.com/s/files/1/0559/2694/7921/files/Step-Ins3.0Kids27.png?v=1771622471
active,Step-Ins 3.0 Kids - Soft Pink - 31,https://cdn.shopify.com/s/files/1/0559/2694/7921/files/Step-Ins3.0Kids27.png?v=1771622471
active,Step-Ins 3.0 Kids - Soft Pink - 32,https://cdn.shopify.com/s/files/1/0559/2694/7921/files/Step-Ins3.0Kids27.png?v=1771622471
active,Step-Ins 3.0 Kids - Soft Pink - 33,https://cdn.shopify.com/s/files/1/0559/2694/7921/files/Step-Ins3.0Kids27.png?v=1771622471
active,Step-Ins 3.0 Kids - Soft Pink - 34,https://cdn.shopify.com/s/files/1/0559/2694/7921/files/Step-Ins3.0Kids27.png?v=1771622471
active,Step-Ins 3.0 Kids - Soft Pink - 35,https://cdn.shopify.com/s/files/1/0559/2694/7921/files/Step-Ins3.0Kids27.png?v=1771622471
active,Step-Ins 3.0 Kids - Sporty White - 26,https://cdn.shopify.com/s/files/1/0559/2694/7921/files/Step-Ins3.0Kids24.png?v=1771622471
active,Step-Ins 3.0 Kids - Sporty White - 27,https://cdn.shopify.com/s/files/1/0559/2694/7921/files/Step-Ins3.0Kids24.png?v=1771622471
active,Step-Ins 3.0 Kids - Sporty White - 28,https://cdn.shopify.com/s/files/1/0559/2694/7921/files/Step-Ins3.0Kids24.png?v=1771622471
active,Step-Ins 3.0 Kids - Sporty White - 29,https://cdn.shopify.com/s/files/1/0559/2694/7921/files/Step-Ins3.0Kids24.png?v=1771622471
active,Step-Ins 3.0 Kids - Sporty White - 30,https://cdn.shopify.com/s/files/1/0559/2694/7921/files/Step-Ins3.0Kids24.png?v=1771622471
active,Step-Ins 3.0 Kids - Sporty White - 31,https://cdn.shopify.com/s/files/1/0559/2694/7921/files/Step-Ins3.0Kids24.png?v=1771622471
active,Step-Ins 3.0 Kids - Sporty White - 32,https://cdn.shopify.com/s/files/1/0559/2694/7921/files/Step-Ins3.0Kids24.png?v=1771622471
active,Step-Ins 3.0 Kids - Sporty White - 33,https://cdn.shopify.com/s/files/1/0559/2694/7921/files/Step-Ins3.0Kids24.png?v=1771622471
active,Step-Ins 3.0 Kids - Sporty White - 34,https://cdn.shopify.com/s/files/1/0559/2694/7921/files/Step-Ins3.0Kids24.png?v=1771622471
active,Step-Ins 3.0 Kids - Sporty White - 35,https://cdn.shopify.com/s/files/1/0559/2694/7921/files/Step-Ins3.0Kids24.png?v=1771622471
active,City Ballet Sneaker - Ice Blue - 36,https://cdn.shopify.com/s/files/1/0559/2694/7921/files/1_Pammys_City-Ballett-Sneaker_ice_blue_revise.jpg?v=1779273695
active,City Ballet Sneaker - Ice Blue - 37,https://cdn.shopify.com/s/files/1/0559/2694/7921/files/1_Pammys_City-Ballett-Sneaker_ice_blue_revise.jpg?v=1779273695
active,City Ballet Sneaker - Ice Blue - 38,https://cdn.shopify.com/s/files/1/0559/2694/7921/files/1_Pammys_City-Ballett-Sneaker_ice_blue_revise.jpg?v=1779273695
active,City Ballet Sneaker - Ice Blue - 39,https://cdn.shopify.com/s/files/1/0559/2694/7921/files/1_Pammys_City-Ballett-Sneaker_ice_blue_revise.jpg?v=1779273695
active,City Ballet Sneaker - Ice Blue - 40,https://cdn.shopify.com/s/files/1/0559/2694/7921/files/1_Pammys_City-Ballett-Sneaker_ice_blue_revise.jpg?v=1779273695
active,City Ballet Sneaker - Ice Blue - 41,https://cdn.shopify.com/s/files/1/0559/2694/7921/files/1_Pammys_City-Ballett-Sneaker_ice_blue_revise.jpg?v=1779273695
active,City Ballet Sneaker - Ice Blue - 42,https://cdn.shopify.com/s/files/1/0559/2694/7921/files/1_Pammys_City-Ballett-Sneaker_ice_blue_revise.jpg?v=1779273695
active,City Ballet Sneaker - Ice Blue - 43,https://cdn.shopify.com/s/files/1/0559/2694/7921/files/1_Pammys_City-Ballett-Sneaker_ice_blue_revise.jpg?v=1779273695
active,City Ballet Sneaker - Lemon Sorbet - 36,https://cdn.shopify.com/s/files/1/0559/2694/7921/files/Pammys_City-Ballett-Sneaker_Lemon-Sorbet_1_jpg_cf7aae97-4fc3-4db3-88c5-3e27e926239b.jpg?v=1779274037
active,City Ballet Sneaker - Lemon Sorbet - 37,https://cdn.shopify.com/s/files/1/0559/2694/7921/files/Pammys_City-Ballett-Sneaker_Lemon-Sorbet_1_jpg_cf7aae97-4fc3-4db3-88c5-3e27e926239b.jpg?v=1779274037
active,City Ballet Sneaker - Lemon Sorbet - 38,https://cdn.shopify.com/s/files/1/0559/2694/7921/files/Pammys_City-Ballett-Sneaker_Lemon-Sorbet_1_jpg_cf7aae97-4fc3-4db3-88c5-3e27e926239b.jpg?v=1779274037
active,City Ballet Sneaker - Lemon Sorbet - 39,https://cdn.shopify.com/s/files/1/0559/2694/7921/files/Pammys_City-Ballett-Sneaker_Lemon-Sorbet_1_jpg_cf7aae97-4fc3-4db3-88c5-3e27e926239b.jpg?v=1779274037
active,City Ballet Sneaker - Lemon Sorbet - 40,https://cdn.shopify.com/s/files/1/0559/2694/7921/files/Pammys_City-Ballett-Sneaker_Lemon-Sorbet_1_jpg_cf7aae97-4fc3-4db3-88c5-3e27e926239b.jpg?v=1779274037
active,City Ballet Sneaker - Lemon Sorbet - 41,https://cdn.shopify.com/s/files/1/0559/2694/7921/files/Pammys_City-Ballett-Sneaker_Lemon-Sorbet_1_jpg_cf7aae97-4fc3-4db3-88c5-3e27e926239b.jpg?v=1779274037
active,City Ballet Sneaker - Lemon Sorbet - 42,https://cdn.shopify.com/s/files/1/0559/2694/7921/files/Pammys_City-Ballett-Sneaker_Lemon-Sorbet_1_jpg_cf7aae97-4fc3-4db3-88c5-3e27e926239b.jpg?v=1779274037
active,City Ballet Sneaker - Lemon Sorbet - 43,https://cdn.shopify.com/s/files/1/0559/2694/7921/files/Pammys_City-Ballett-Sneaker_Lemon-Sorbet_1_jpg_cf7aae97-4fc3-4db3-88c5-3e27e926239b.jpg?v=1779274037
active,City Ballet Sneaker - Pink Pearl - 36,https://cdn.shopify.com/s/files/1/0559/2694/7921/files/Pammys_City-Ballett-Sneaker_Pink-Pearl_1_jpg_d5b5ab7f-78a1-4fac-acdc-0d4d3876d43b.jpg?v=1779274560
active,City Ballet Sneaker - Pink Pearl - 37,https://cdn.shopify.com/s/files/1/0559/2694/7921/files/Pammys_City-Ballett-Sneaker_Pink-Pearl_1_jpg_d5b5ab7f-78a1-4fac-acdc-0d4d3876d43b.jpg?v=1779274560
active,City Ballet Sneaker - Pink Pearl - 38,https://cdn.shopify.com/s/files/1/0559/2694/7921/files/Pammys_City-Ballett-Sneaker_Pink-Pearl_1_jpg_d5b5ab7f-78a1-4fac-acdc-0d4d3876d43b.jpg?v=1779274560
active,City Ballet Sneaker - Pink Pearl - 39,https://cdn.shopify.com/s/files/1/0559/2694/7921/files/Pammys_City-Ballett-Sneaker_Pink-Pearl_1_jpg_d5b5ab7f-78a1-4fac-acdc-0d4d3876d43b.jpg?v=1779274560
active,City Ballet Sneaker - Pink Pearl - 40,https://cdn.shopify.com/s/files/1/0559/2694/7921/files/Pammys_City-Ballett-Sneaker_Pink-Pearl_1_jpg_d5b5ab7f-78a1-4fac-acdc-0d4d3876d43b.jpg?v=1779274560
active,City Ballet Sneaker - Pink Pearl - 41,https://cdn.shopify.com/s/files/1/0559/2694/7921/files/Pammys_City-Ballett-Sneaker_Pink-Pearl_1_jpg_d5b5ab7f-78a1-4fac-acdc-0d4d3876d43b.jpg?v=1779274560
active,City Ballet Sneaker - Pink Pearl - 42,https://cdn.shopify.com/s/files/1/0559/2694/7921/files/Pammys_City-Ballett-Sneaker_Pink-Pearl_1_jpg_d5b5ab7f-78a1-4fac-acdc-0d4d3876d43b.jpg?v=1779274560
active,City Ballet Sneaker - Pink Pearl - 43,https://cdn.shopify.com/s/files/1/0559/2694/7921/files/Pammys_City-Ballett-Sneaker_Pink-Pearl_1_jpg_d5b5ab7f-78a1-4fac-acdc-0d4d3876d43b.jpg?v=1779274560
active,City Ballet Sneaker - Whipped Cream - 36,https://cdn.shopify.com/s/files/1/0559/2694/7921/files/Pammys_City-Ballett-Sneaker_Whipped-Cream_1_jpg_921d2a29-1ead-46cd-9b35-00a5ae7c804f.jpg?v=1779274833
active,City Ballet Sneaker - Whipped Cream - 37,https://cdn.shopify.com/s/files/1/0559/2694/7921/files/Pammys_City-Ballett-Sneaker_Whipped-Cream_1_jpg_921d2a29-1ead-46cd-9b35-00a5ae7c804f.jpg?v=1779274833
active,City Ballet Sneaker - Whipped Cream - 38,https://cdn.shopify.com/s/files/1/0559/2694/7921/files/Pammys_City-Ballett-Sneaker_Whipped-Cream_1_jpg_921d2a29-1ead-46cd-9b35-00a5ae7c804f.jpg?v=1779274833
active,City Ballet Sneaker - Whipped Cream - 39,https://cdn.shopify.com/s/files/1/0559/2694/7921/files/Pammys_City-Ballett-Sneaker_Whipped-Cream_1_jpg_921d2a29-1ead-46cd-9b35-00a5ae7c804f.jpg?v=1779274833
active,City Ballet Sneaker - Whipped Cream - 40,https://cdn.shopify.com/s/files/1/0559/2694/7921/files/Pammys_City-Ballett-Sneaker_Whipped-Cream_1_jpg_921d2a29-1ead-46cd-9b35-00a5ae7c804f.jpg?v=1779274833
active,City Ballet Sneaker - Whipped Cream - 41,https://cdn.shopify.com/s/files/1/0559/2694/7921/files/Pammys_City-Ballett-Sneaker_Whipped-Cream_1_jpg_921d2a29-1ead-46cd-9b35-00a5ae7c804f.jpg?v=1779274833
active,City Ballet Sneaker - Whipped Cream - 42,https://cdn.shopify.com/s/files/1/0559/2694/7921/files/Pammys_City-Ballett-Sneaker_Whipped-Cream_1_jpg_921d2a29-1ead-46cd-9b35-00a5ae7c804f.jpg?v=1779274833
active,City Ballet Sneaker - Whipped Cream - 43,https://cdn.shopify.com/s/files/1/0559/2694/7921/files/Pammys_City-Ballett-Sneaker_Whipped-Cream_1_jpg_921d2a29-1ead-46cd-9b35-00a5ae7c804f.jpg?v=1779274833
active,City Frame Sneaker - Caramel Cream - 36,https://cdn.shopify.com/s/files/1/0559/2694/7921/files/Pammys_City-Frame-Sneaker_Caramel-Cream_1_jpg.jpg?v=1778878489
active,City Frame Sneaker - Caramel Cream - 37,https://cdn.shopify.com/s/files/1/0559/2694/7921/files/Pammys_City-Frame-Sneaker_Caramel-Cream_1_jpg.jpg?v=1778878489
active,City Frame Sneaker - Caramel Cream - 38,https://cdn.shopify.com/s/files/1/0559/2694/7921/files/Pammys_City-Frame-Sneaker_Caramel-Cream_1_jpg.jpg?v=1778878489
active,City Frame Sneaker - Caramel Cream - 39,https://cdn.shopify.com/s/files/1/0559/2694/7921/files/Pammys_City-Frame-Sneaker_Caramel-Cream_1_jpg.jpg?v=1778878489
active,City Frame Sneaker - Caramel Cream - 40,https://cdn.shopify.com/s/files/1/0559/2694/7921/files/Pammys_City-Frame-Sneaker_Caramel-Cream_1_jpg.jpg?v=1778878489
active,City Frame Sneaker - Caramel Cream - 41,https://cdn.shopify.com/s/files/1/0559/2694/7921/files/Pammys_City-Frame-Sneaker_Caramel-Cream_1_jpg.jpg?v=1778878489
active,City Frame Sneaker - Caramel Cream - 42,https://cdn.shopify.com/s/files/1/0559/2694/7921/files/Pammys_City-Frame-Sneaker_Caramel-Cream_1_jpg.jpg?v=1778878489
active,City Frame Sneaker - Caramel Cream - 43,https://cdn.shopify.com/s/files/1/0559/2694/7921/files/Pammys_City-Frame-Sneaker_Caramel-Cream_1_jpg.jpg?v=1778878489
active,City Frame Sneaker - Leo Rose Metallic - 36,https://cdn.shopify.com/s/files/1/0559/2694/7921/files/Pammys_City-Frame-Sneaker_Leo-Rose-Metallic_1_jpg_dcaaf08b-09d5-4ecc-89ee-efb3ef4ab513.jpg?v=1779692763
active,City Frame Sneaker - Leo Rose Metallic - 37,https://cdn.shopify.com/s/files/1/0559/2694/7921/files/Pammys_City-Frame-Sneaker_Leo-Rose-Metallic_1_jpg_dcaaf08b-09d5-4ecc-89ee-efb3ef4ab513.jpg?v=1779692763
active,City Frame Sneaker - Leo Rose Metallic - 38,https://cdn.shopify.com/s/files/1/0559/2694/7921/files/Pammys_City-Frame-Sneaker_Leo-Rose-Metallic_1_jpg_dcaaf08b-09d5-4ecc-89ee-efb3ef4ab513.jpg?v=1779692763
active,City Frame Sneaker - Leo Rose Metallic - 39,https://cdn.shopify.com/s/files/1/0559/2694/7921/files/Pammys_City-Frame-Sneaker_Leo-Rose-Metallic_1_jpg_dcaaf08b-09d5-4ecc-89ee-efb3ef4ab513.jpg?v=1779692763
active,City Frame Sneaker - Leo Rose Metallic - 40,https://cdn.shopify.com/s/files/1/0559/2694/7921/files/Pammys_City-Frame-Sneaker_Leo-Rose-Metallic_1_jpg_dcaaf08b-09d5-4ecc-89ee-efb3ef4ab513.jpg?v=1779692763
active,City Frame Sneaker - Leo Rose Metallic - 41,https://cdn.shopify.com/s/files/1/0559/2694/7921/files/Pammys_City-Frame-Sneaker_Leo-Rose-Metallic_1_jpg_dcaaf08b-09d5-4ecc-89ee-efb3ef4ab513.jpg?v=1779692763
active,City Frame Sneaker - Leo Rose Metallic - 42,https://cdn.shopify.com/s/files/1/0559/2694/7921/files/Pammys_City-Frame-Sneaker_Leo-Rose-Metallic_1_jpg_dcaaf08b-09d5-4ecc-89ee-efb3ef4ab513.jpg?v=1779692763
active,City Frame Sneaker - Leo Rose Metallic - 43,https://cdn.shopify.com/s/files/1/0559/2694/7921/files/Pammys_City-Frame-Sneaker_Leo-Rose-Metallic_1_jpg_dcaaf08b-09d5-4ecc-89ee-efb3ef4ab513.jpg?v=1779692763
active,City Frame Sneaker - Matcha Latte - 36,https://cdn.shopify.com/s/files/1/0559/2694/7921/files/Pammys_City-Frame-Sneaker_Matcha-Latte_1_jpg.jpg?v=1778878498
active,City Frame Sneaker - Matcha Latte - 37,https://cdn.shopify.com/s/files/1/0559/2694/7921/files/Pammys_City-Frame-Sneaker_Matcha-Latte_1_jpg.jpg?v=1778878498
active,City Frame Sneaker - Matcha Latte - 38,https://cdn.shopify.com/s/files/1/0559/2694/7921/files/Pammys_City-Frame-Sneaker_Matcha-Latte_1_jpg.jpg?v=1778878498
active,City Frame Sneaker - Matcha Latte - 39,https://cdn.shopify.com/s/files/1/0559/2694/7921/files/Pammys_City-Frame-Sneaker_Matcha-Latte_1_jpg.jpg?v=1778878498
active,City Frame Sneaker - Matcha Latte - 40,https://cdn.shopify.com/s/files/1/0559/2694/7921/files/Pammys_City-Frame-Sneaker_Matcha-Latte_1_jpg.jpg?v=1778878498
active,City Frame Sneaker - Matcha Latte - 41,https://cdn.shopify.com/s/files/1/0559/2694/7921/files/Pammys_City-Frame-Sneaker_Matcha-Latte_1_jpg.jpg?v=1778878498
active,City Frame Sneaker - Matcha Latte - 42,https://cdn.shopify.com/s/files/1/0559/2694/7921/files/Pammys_City-Frame-Sneaker_Matcha-Latte_1_jpg.jpg?v=1778878498
active,City Frame Sneaker - Matcha Latte - 43,https://cdn.shopify.com/s/files/1/0559/2694/7921/files/Pammys_City-Frame-Sneaker_Matcha-Latte_1_jpg.jpg?v=1778878498
active,City Frame Sneaker - Midnight Black - 36,https://cdn.shopify.com/s/files/1/0559/2694/7921/files/Pammys_City-Frame-Sneaker_Midnight-Black_1_jpg.jpg?v=1778878476
active,City Frame Sneaker - Midnight Black - 37,https://cdn.shopify.com/s/files/1/0559/2694/7921/files/Pammys_City-Frame-Sneaker_Midnight-Black_1_jpg.jpg?v=1778878476
active,City Frame Sneaker - Midnight Black - 38,https://cdn.shopify.com/s/files/1/0559/2694/7921/files/Pammys_City-Frame-Sneaker_Midnight-Black_1_jpg.jpg?v=1778878476
active,City Frame Sneaker - Midnight Black - 39,https://cdn.shopify.com/s/files/1/0559/2694/7921/files/Pammys_City-Frame-Sneaker_Midnight-Black_1_jpg.jpg?v=1778878476
active,City Frame Sneaker - Midnight Black - 40,https://cdn.shopify.com/s/files/1/0559/2694/7921/files/Pammys_City-Frame-Sneaker_Midnight-Black_1_jpg.jpg?v=1778878476
active,City Frame Sneaker - Midnight Black - 41,https://cdn.shopify.com/s/files/1/0559/2694/7921/files/Pammys_City-Frame-Sneaker_Midnight-Black_1_jpg.jpg?v=1778878476
active,City Frame Sneaker - Midnight Black - 42,https://cdn.shopify.com/s/files/1/0559/2694/7921/files/Pammys_City-Frame-Sneaker_Midnight-Black_1_jpg.jpg?v=1778878476
active,City Frame Sneaker - Midnight Black - 43,https://cdn.shopify.com/s/files/1/0559/2694/7921/files/Pammys_City-Frame-Sneaker_Midnight-Black_1_jpg.jpg?v=1778878476
active,City Frame Sneaker - Vanilla Cream - 36,https://cdn.shopify.com/s/files/1/0559/2694/7921/files/Pammys_City-Frame-Sneaker_Vanilla-Cream_1_revise.jpg?v=1779278166
active,City Frame Sneaker - Vanilla Cream - 37,https://cdn.shopify.com/s/files/1/0559/2694/7921/files/Pammys_City-Frame-Sneaker_Vanilla-Cream_1_revise.jpg?v=1779278166
active,City Frame Sneaker - Vanilla Cream - 38,https://cdn.shopify.com/s/files/1/0559/2694/7921/files/Pammys_City-Frame-Sneaker_Vanilla-Cream_1_revise.jpg?v=1779278166
active,City Frame Sneaker - Vanilla Cream - 39,https://cdn.shopify.com/s/files/1/0559/2694/7921/files/Pammys_City-Frame-Sneaker_Vanilla-Cream_1_revise.jpg?v=1779278166
active,City Frame Sneaker - Vanilla Cream - 40,https://cdn.shopify.com/s/files/1/0559/2694/7921/files/Pammys_City-Frame-Sneaker_Vanilla-Cream_1_revise.jpg?v=1779278166
active,City Frame Sneaker - Vanilla Cream - 41,https://cdn.shopify.com/s/files/1/0559/2694/7921/files/Pammys_City-Frame-Sneaker_Vanilla-Cream_1_revise.jpg?v=1779278166
active,City Frame Sneaker - Vanilla Cream - 42,https://cdn.shopify.com/s/files/1/0559/2694/7921/files/Pammys_City-Frame-Sneaker_Vanilla-Cream_1_revise.jpg?v=1779278166
active,City Frame Sneaker - Vanilla Cream - 43,https://cdn.shopify.com/s/files/1/0559/2694/7921/files/Pammys_City-Frame-Sneaker_Vanilla-Cream_1_revise.jpg?v=1779278166
active,Mallow Sandal - Powder Rose - 36,https://cdn.shopify.com/s/files/1/0559/2694/7921/files/Pammys_Mellow-Sandal_Powder-Rose_1_32f06e3c-f056-4be2-b1c4-2a3f7f57de8e.jpg?v=1779460696
active,Mallow Sandal - Powder Rose - 37,https://cdn.shopify.com/s/files/1/0559/2694/7921/files/Pammys_Mellow-Sandal_Powder-Rose_1_32f06e3c-f056-4be2-b1c4-2a3f7f57de8e.jpg?v=1779460696
active,Mallow Sandal - Powder Rose - 38,https://cdn.shopify.com/s/files/1/0559/2694/7921/files/Pammys_Mellow-Sandal_Powder-Rose_1_32f06e3c-f056-4be2-b1c4-2a3f7f57de8e.jpg?v=1779460696
active,Mallow Sandal - Powder Rose - 39,https://cdn.shopify.com/s/files/1/0559/2694/7921/files/Pammys_Mellow-Sandal_Powder-Rose_1_32f06e3c-f056-4be2-b1c4-2a3f7f57de8e.jpg?v=1779460696
active,Mallow Sandal - Powder Rose - 40,https://cdn.shopify.com/s/files/1/0559/2694/7921/files/Pammys_Mellow-Sandal_Powder-Rose_1_32f06e3c-f056-4be2-b1c4-2a3f7f57de8e.jpg?v=1779460696
active,Mallow Sandal - Powder Rose - 41,https://cdn.shopify.com/s/files/1/0559/2694/7921/files/Pammys_Mellow-Sandal_Powder-Rose_1_32f06e3c-f056-4be2-b1c4-2a3f7f57de8e.jpg?v=1779460696
active,Mallow Sandal - Powder Rose - 42,https://cdn.shopify.com/s/files/1/0559/2694/7921/files/Pammys_Mellow-Sandal_Powder-Rose_1_32f06e3c-f056-4be2-b1c4-2a3f7f57de8e.jpg?v=1779460696
active,Mallow Sandal - Powder Rose - 43,https://cdn.shopify.com/s/files/1/0559/2694/7921/files/Pammys_Mellow-Sandal_Powder-Rose_1_32f06e3c-f056-4be2-b1c4-2a3f7f57de8e.jpg?v=1779460696
active,Belt Limited Edition - Leopard Beige - 36/37,https://cdn.shopify.com/s/files/1/0559/2694/7921/files/Pammys_Belt-Beige-Leopard_1.jpg?v=1779481298
active,Belt Limited Edition - Leopard Beige - 38/39,https://cdn.shopify.com/s/files/1/0559/2694/7921/files/Pammys_Belt-Beige-Leopard_1.jpg?v=1779481298
active,Belt Limited Edition - Leopard Beige - 40/41,https://cdn.shopify.com/s/files/1/0559/2694/7921/files/Pammys_Belt-Beige-Leopard_1.jpg?v=1779481298
active,Belt Limited Edition - Leopard Beige - 42/43,https://cdn.shopify.com/s/files/1/0559/2694/7921/files/Pammys_Belt-Beige-Leopard_1.jpg?v=1779481298
active,Belt Limited Edition - Leopard Beige - 44/45,https://cdn.shopify.com/s/files/1/0559/2694/7921/files/Pammys_Belt-Beige-Leopard_1.jpg?v=1779481298
active,Belt Limited Edition - Leopard Black - 36/37,https://cdn.shopify.com/s/files/1/0559/2694/7921/files/Pammys_Belt-Black-Leopard_1.jpg?v=1779481383
active,Belt Limited Edition - Leopard Black - 38/39,https://cdn.shopify.com/s/files/1/0559/2694/7921/files/Pammys_Belt-Black-Leopard_1.jpg?v=1779481383
active,Belt Limited Edition - Leopard Black - 40/41,https://cdn.shopify.com/s/files/1/0559/2694/7921/files/Pammys_Belt-Black-Leopard_1.jpg?v=1779481383
active,Belt Limited Edition - Leopard Black - 42/43,https://cdn.shopify.com/s/files/1/0559/2694/7921/files/Pammys_Belt-Black-Leopard_1.jpg?v=1779481383
active,Belt Limited Edition - Leopard Black - 44/45,https://cdn.shopify.com/s/files/1/0559/2694/7921/files/Pammys_Belt-Black-Leopard_1.jpg?v=1779481383
active,Belt Limited Edition - Toffee Cream - 36/37,https://cdn.shopify.com/s/files/1/0559/2694/7921/files/Pammys_Belt-Toffee-Cream_1_511001fe-bc98-48a6-84aa-9ff00ece5e11.jpg?v=1779465944
active,Belt Limited Edition - Toffee Cream - 38/39,https://cdn.shopify.com/s/files/1/0559/2694/7921/files/Pammys_Belt-Toffee-Cream_1_511001fe-bc98-48a6-84aa-9ff00ece5e11.jpg?v=1779465944
active,Belt Limited Edition - Toffee Cream - 40/41,https://cdn.shopify.com/s/files/1/0559/2694/7921/files/Pammys_Belt-Toffee-Cream_1_511001fe-bc98-48a6-84aa-9ff00ece5e11.jpg?v=1779465944
active,Belt Limited Edition - Toffee Cream - 42/43,https://cdn.shopify.com/s/files/1/0559/2694/7921/files/Pammys_Belt-Toffee-Cream_1_511001fe-bc98-48a6-84aa-9ff00ece5e11.jpg?v=1779465944
active,Belt Limited Edition - Toffee Cream - 44/45,https://cdn.shopify.com/s/files/1/0559/2694/7921/files/Pammys_Belt-Toffee-Cream_1_511001fe-bc98-48a6-84aa-9ff00ece5e11.jpg?v=1779465944
active,Belt Limited Edition - Velvet Black - 36/37,https://cdn.shopify.com/s/files/1/0559/2694/7921/files/Pammys_Belt-Velvet-Black_1_d26124c7-09c8-451f-b7d7-dd2b6cd87b1d.jpg?v=1779465983
active,Belt Limited Edition - Velvet Black - 38/39,https://cdn.shopify.com/s/files/1/0559/2694/7921/files/Pammys_Belt-Velvet-Black_1_d26124c7-09c8-451f-b7d7-dd2b6cd87b1d.jpg?v=1779465983
active,Belt Limited Edition - Velvet Black - 40/41,https://cdn.shopify.com/s/files/1/0559/2694/7921/files/Pammys_Belt-Velvet-Black_1_d26124c7-09c8-451f-b7d7-dd2b6cd87b1d.jpg?v=1779465983
active,Belt Limited Edition - Velvet Black - 42/43,https://cdn.shopify.com/s/files/1/0559/2694/7921/files/Pammys_Belt-Velvet-Black_1_d26124c7-09c8-451f-b7d7-dd2b6cd87b1d.jpg?v=1779465983
active,Belt Limited Edition - Velvet Black - 44/45,https://cdn.shopify.com/s/files/1/0559/2694/7921/files/Pammys_Belt-Velvet-Black_1_d26124c7-09c8-451f-b7d7-dd2b6cd87b1d.jpg?v=1779465983
active,Flip Flop Man 2026  - Metro Pine - 40/41,https://cdn.shopify.com/s/files/1/0559/2694/7921/files/FlipFlopMetroPineSeite1.jpg?v=1779465139
active,Flip Flop Man 2026  - Metro Pine - 42/43,https://cdn.shopify.com/s/files/1/0559/2694/7921/files/FlipFlopMetroPineSeite1.jpg?v=1779465139
active,Flip Flop Man 2026 - Metro Pine - 44/45,https://cdn.shopify.com/s/files/1/0559/2694/7921/files/FlipFlopMetroPineSeite1.jpg?v=1779465139
active,Flip Flop Man 2026 - Metro Pine - 46/47,https://cdn.shopify.com/s/files/1/0559/2694/7921/files/FlipFlopMetroPineSeite1.jpg?v=1779465139
active,Flip Flop Man 2026 - Navy Club - 40/41,https://cdn.shopify.com/s/files/1/0559/2694/7921/files/FlipFlopNavyClubSeite1.jpg?v=1779465206
active,Flip Flop Man 2026 - Navy Club - 42/43,https://cdn.shopify.com/s/files/1/0559/2694/7921/files/FlipFlopNavyClubSeite1.jpg?v=1779465206
active,Flip Flop Man 2026 - Navy Club - 44/45,https://cdn.shopify.com/s/files/1/0559/2694/7921/files/FlipFlopNavyClubSeite1.jpg?v=1779465206
active,Flip Flop Man 2026 - Navy Club - 46/47,https://cdn.shopify.com/s/files/1/0559/2694/7921/files/FlipFlopNavyClubSeite1.jpg?v=1779465206
active,Flip Flop Man 2026 - Slate Grey - 40/41,https://cdn.shopify.com/s/files/1/0559/2694/7921/files/Pammys_Men_Flipflop_Slate-Grey_1.jpg?v=1779465177
active,Flip Flop Man 2026 - Slate Grey - 42/43,https://cdn.shopify.com/s/files/1/0559/2694/7921/files/Pammys_Men_Flipflop_Slate-Grey_1.jpg?v=1779465177
active,Flip Flop Man 2026 - Slate Grey - 44/45,https://cdn.shopify.com/s/files/1/0559/2694/7921/files/Pammys_Men_Flipflop_Slate-Grey_1.jpg?v=1779465177
active,Flip Flop Man 2026 - Slate Grey - 46/47,https://cdn.shopify.com/s/files/1/0559/2694/7921/files/Pammys_Men_Flipflop_Slate-Grey_1.jpg?v=1779465177
active,Flip Flop Man 2026 - Stealth Black - 40/41,https://cdn.shopify.com/s/files/1/0559/2694/7921/files/Pammys_Men_Flipflop_Stealth-Black_1.jpg?v=1779465109
active,Flip Flop Man 2026 - Stealth Black - 42/43,https://cdn.shopify.com/s/files/1/0559/2694/7921/files/Pammys_Men_Flipflop_Stealth-Black_1.jpg?v=1779465109
active,Flip Flop Man 2026 - Stealth Black - 44/45,https://cdn.shopify.com/s/files/1/0559/2694/7921/files/Pammys_Men_Flipflop_Stealth-Black_1.jpg?v=1779465109
active,Flip Flop Man 2026 - Stealth Black - 46/47,https://cdn.shopify.com/s/files/1/0559/2694/7921/files/Pammys_Men_Flipflop_Stealth-Black_1.jpg?v=1779465109
active,Keychain - Cotton Cloud - N/A,https://cdn.shopify.com/s/files/1/0559/2694/7921/files/Schlusselanhanger4.1.jpg?v=1775137098
active,Keychain - Pistachio Dream - N/A,https://cdn.shopify.com/s/files/1/0559/2694/7921/files/Schlusselanhanger2.1.jpg?v=1775137098
active,Keychain - Rose Blush - N/A,https://cdn.shopify.com/s/files/1/0559/2694/7921/files/Schlusselanhanger1.1.jpg?v=1775137098
active,Keychain - Silk White - N/A,https://cdn.shopify.com/s/files/1/0559/2694/7921/files/Schlusselanhanger3.1.jpg?v=1775137098
active,Keychain - Toffee Cream - N/A,https://cdn.shopify.com/s/files/1/0559/2694/7921/files/Schlusselanhanger5.1.jpg?v=1775199335
active,Original Limited Edition Men 2034 - Fresh Cement - 40/41,https://cdn.shopify.com/s/files/1/0559/2694/7921/files/Pammys_Men_Originals_Fresh-Cement_1.jpg?v=1779481863
active,Original Limited Edition Men 2035 - Fresh Cement - 42/43,https://cdn.shopify.com/s/files/1/0559/2694/7921/files/Pammys_Men_Originals_Fresh-Cement_1.jpg?v=1779481863
active,Original Limited Edition Men 2036 - Fresh Cement - 44/45,https://cdn.shopify.com/s/files/1/0559/2694/7921/files/Pammys_Men_Originals_Fresh-Cement_1.jpg?v=1779481863
active,Original Limited Edition Men 2037 - Fresh Cement - 46/47,https://cdn.shopify.com/s/files/1/0559/2694/7921/files/Pammys_Men_Originals_Fresh-Cement_1.jpg?v=1779481863
active,Original Limited Edition Men 2042 - Stonewash - 40/41,https://cdn.shopify.com/s/files/1/0559/2694/7921/files/Pammys_Men_Originals_Stonewash_1.jpg?v=1779482058
active,Original Limited Edition Men 2043 - Stonewash - 42/43,https://cdn.shopify.com/s/files/1/0559/2694/7921/files/Pammys_Men_Originals_Stonewash_1.jpg?v=1779482058
active,Original Limited Edition Men 2044 - Stonewash - 44/45,https://cdn.shopify.com/s/files/1/0559/2694/7921/files/Pammys_Men_Originals_Stonewash_1.jpg?v=1779482058
active,Original Limited Edition Men 2045 - Stonewash - 46/47,https://cdn.shopify.com/s/files/1/0559/2694/7921/files/Pammys_Men_Originals_Stonewash_1.jpg?v=1779482058
active,Original Women 2026 - Bubble Gum - 36/37,https://cdn.shopify.com/s/files/1/0559/2694/7921/files/Pammys_Originals_Bubble-gum_1.jpg?v=1779467224
active,Original Women 2026 - Bubble Gum - 38/39,https://cdn.shopify.com/s/files/1/0559/2694/7921/files/Pammys_Originals_Bubble-gum_1.jpg?v=1779467224
active,Original Women 2026 - Bubble Gum - 40/41,https://cdn.shopify.com/s/files/1/0559/2694/7921/files/Pammys_Originals_Bubble-gum_1.jpg?v=1779467224
active,Original Women 2026 - Bubble Gum - 42/43,https://cdn.shopify.com/s/files/1/0559/2694/7921/files/Pammys_Originals_Bubble-gum_1.jpg?v=1779467224
active,Original Women 2026 - Bubble Gum - 44/45,https://cdn.shopify.com/s/files/1/0559/2694/7921/files/Pammys_Originals_Bubble-gum_1.jpg?v=1779467224
active,Original Women 2026 - Cool Peppermint - 36/37,https://cdn.shopify.com/s/files/1/0559/2694/7921/files/Pammys_Originals_Cool-Peppermint_1.jpg?v=1779467321
active,Original Women 2026 - Cool Peppermint - 38/39,https://cdn.shopify.com/s/files/1/0559/2694/7921/files/Pammys_Originals_Cool-Peppermint_1.jpg?v=1779467321
active,Original Women 2026 - Cool Peppermint - 40/41,https://cdn.shopify.com/s/files/1/0559/2694/7921/files/Pammys_Originals_Cool-Peppermint_1.jpg?v=1779467321
active,Original Women 2026 - Cool Peppermint - 42/43,https://cdn.shopify.com/s/files/1/0559/2694/7921/files/Pammys_Originals_Cool-Peppermint_1.jpg?v=1779467321
active,Original Women 2026 - Cool Peppermint - 44/45,https://cdn.shopify.com/s/files/1/0559/2694/7921/files/Pammys_Originals_Cool-Peppermint_1.jpg?v=1779467321
active,Original Women 2026 - Lemon Sorbet - 36/37,https://cdn.shopify.com/s/files/1/0559/2694/7921/files/Pammys_Originals_Lemon-Sorbet_1.jpg?v=1779467102
active,Original Women 2026 - Lemon Sorbet - 38/39,https://cdn.shopify.com/s/files/1/0559/2694/7921/files/Pammys_Originals_Lemon-Sorbet_1.jpg?v=1779467102
active,Original Women 2026 - Lemon Sorbet - 40/41,https://cdn.shopify.com/s/files/1/0559/2694/7921/files/Pammys_Originals_Lemon-Sorbet_1.jpg?v=1779467102
active,Original Women 2026 - Lemon Sorbet - 42/43,https://cdn.shopify.com/s/files/1/0559/2694/7921/files/Pammys_Originals_Lemon-Sorbet_1.jpg?v=1779467102
active,Original Women 2026 - Lemon Sorbet - 44/45,https://cdn.shopify.com/s/files/1/0559/2694/7921/files/Pammys_Originals_Lemon-Sorbet_1.jpg?v=1779467102
active,Original Women 2026 - Stonewash - 36/37,https://cdn.shopify.com/s/files/1/0559/2694/7921/files/Pammys_Originals_Stonewash_1.jpg?v=1779466895
active,Original Women 2026 - Stonewash - 38/39,https://cdn.shopify.com/s/files/1/0559/2694/7921/files/Pammys_Originals_Stonewash_1.jpg?v=1779466895
active,Original Women 2026 - Stonewash - 40/41,https://cdn.shopify.com/s/files/1/0559/2694/7921/files/Pammys_Originals_Stonewash_1.jpg?v=1779466895
active,Original Women 2026 - Stonewash - 42/43,https://cdn.shopify.com/s/files/1/0559/2694/7921/files/Pammys_Originals_Stonewash_1.jpg?v=1779466895
active,Original Women 2026 - Stonewash - 44/45,https://cdn.shopify.com/s/files/1/0559/2694/7921/files/Pammys_Originals_Stonewash_1.jpg?v=1779466895
active,Originals Kids 2026 - Cool Peppermint - 26/27,https://cdn.shopify.com/s/files/1/0559/2694/7921/files/Pammys_Kids_Originals_Cool-Peppermint_1.jpg?v=1779481584
active,Originals Kids 2026 - Cool Peppermint - 28/29,https://cdn.shopify.com/s/files/1/0559/2694/7921/files/Pammys_Kids_Originals_Cool-Peppermint_1.jpg?v=1779481584
active,Originals Kids 2026 - Cool Peppermint - 30/31,https://cdn.shopify.com/s/files/1/0559/2694/7921/files/Pammys_Kids_Originals_Cool-Peppermint_1.jpg?v=1779481584
active,Originals Kids 2026 - Cool Peppermint - 32/33,https://cdn.shopify.com/s/files/1/0559/2694/7921/files/Pammys_Kids_Originals_Cool-Peppermint_1.jpg?v=1779481584
active,Originals Kids 2026 - Cool Peppermint - 34/35,https://cdn.shopify.com/s/files/1/0559/2694/7921/files/Pammys_Kids_Originals_Cool-Peppermint_1.jpg?v=1779481584
active,Originals Kids 2026 - Lemon Sorbet - 26/27,https://cdn.shopify.com/s/files/1/0559/2694/7921/files/Pammys_Kids_Originals_Lemon-Sorbet_1.jpg?v=1779481682
active,Originals Kids 2026 - Lemon Sorbet - 28/29,https://cdn.shopify.com/s/files/1/0559/2694/7921/files/Pammys_Kids_Originals_Lemon-Sorbet_1.jpg?v=1779481682
active,Originals Kids 2026 - Lemon Sorbet - 30/31,https://cdn.shopify.com/s/files/1/0559/2694/7921/files/Pammys_Kids_Originals_Lemon-Sorbet_1.jpg?v=1779481682
active,Originals Kids 2026 - Lemon Sorbet - 32/33,https://cdn.shopify.com/s/files/1/0559/2694/7921/files/Pammys_Kids_Originals_Lemon-Sorbet_1.jpg?v=1779481682
active,Originals Kids 2026 - Lemon Sorbet - 34/35,https://cdn.shopify.com/s/files/1/0559/2694/7921/files/Pammys_Kids_Originals_Lemon-Sorbet_1.jpg?v=1779481682
active,Step-Ins 3.0 Women - Caramel Toffee - 36,https://cdn.shopify.com/s/files/1/0559/2694/7921/files/Pammys_Step-In_Copper-Blush_1.jpg?v=1779876420
active,Step-Ins 3.0 Women - Caramel Toffee - 37,https://cdn.shopify.com/s/files/1/0559/2694/7921/files/Pammys_Step-In_Copper-Blush_1.jpg?v=1779876420
active,Step-Ins 3.0 Women - Caramel Toffee - 38,https://cdn.shopify.com/s/files/1/0559/2694/7921/files/Pammys_Step-In_Copper-Blush_1.jpg?v=1779876420
active,Step-Ins 3.0 Women - Caramel Toffee - 39,https://cdn.shopify.com/s/files/1/0559/2694/7921/files/Pammys_Step-In_Copper-Blush_1.jpg?v=1779876420
active,Step-Ins 3.0 Women - Caramel Toffee - 40,https://cdn.shopify.com/s/files/1/0559/2694/7921/files/Pammys_Step-In_Copper-Blush_1.jpg?v=1779876420
active,Step-Ins 3.0 Women - Caramel Toffee - 41,https://cdn.shopify.com/s/files/1/0559/2694/7921/files/Pammys_Step-In_Copper-Blush_1.jpg?v=1779876420
active,Step-Ins 3.0 Women - Caramel Toffee - 42,https://cdn.shopify.com/s/files/1/0559/2694/7921/files/Pammys_Step-In_Copper-Blush_1.jpg?v=1779876420
active,Step-Ins 3.0 Women - Caramel Toffee - 43,https://cdn.shopify.com/s/files/1/0559/2694/7921/files/Pammys_Step-In_Copper-Blush_1.jpg?v=1779876420
active,Step-Ins 3.0 Women - Dusty Lilac - 36,https://cdn.shopify.com/s/files/1/0559/2694/7921/files/Pammys_Step-In_Dustly-Lilac_1_f5466de2-aded-4d97-8683-91dedc0dbe42.jpg?v=1779876188
active,Step-Ins 3.0 Women - Dusty Lilac - 37,https://cdn.shopify.com/s/files/1/0559/2694/7921/files/Pammys_Step-In_Dustly-Lilac_1_f5466de2-aded-4d97-8683-91dedc0dbe42.jpg?v=1779876188
active,Step-Ins 3.0 Women - Dusty Lilac - 38,https://cdn.shopify.com/s/files/1/0559/2694/7921/files/Pammys_Step-In_Dustly-Lilac_1_f5466de2-aded-4d97-8683-91dedc0dbe42.jpg?v=1779876188
active,Step-Ins 3.0 Women - Dusty Lilac - 39,https://cdn.shopify.com/s/files/1/0559/2694/7921/files/Pammys_Step-In_Dustly-Lilac_1_f5466de2-aded-4d97-8683-91dedc0dbe42.jpg?v=1779876188
active,Step-Ins 3.0 Women - Dusty Lilac - 40,https://cdn.shopify.com/s/files/1/0559/2694/7921/files/Pammys_Step-In_Dustly-Lilac_1_f5466de2-aded-4d97-8683-91dedc0dbe42.jpg?v=1779876188
active,Step-Ins 3.0 Women - Dusty Lilac - 41,https://cdn.shopify.com/s/files/1/0559/2694/7921/files/Pammys_Step-In_Dustly-Lilac_1_f5466de2-aded-4d97-8683-91dedc0dbe42.jpg?v=1779876188
active,Step-Ins 3.0 Women - Dusty Lilac - 42,https://cdn.shopify.com/s/files/1/0559/2694/7921/files/Pammys_Step-In_Dustly-Lilac_1_f5466de2-aded-4d97-8683-91dedc0dbe42.jpg?v=1779876188
active,Step-Ins 3.0 Women - Dusty Lilac - 43,https://cdn.shopify.com/s/files/1/0559/2694/7921/files/Pammys_Step-In_Dustly-Lilac_1_f5466de2-aded-4d97-8683-91dedc0dbe42.jpg?v=1779876188
active,Step-Ins 3.0 Women - Dusty Pink - 36,https://cdn.shopify.com/s/files/1/0559/2694/7921/files/Pammys_Step-In_Dusty-Pink_1_a8140cce-e13c-4e16-82d5-c4e49d813d47.jpg?v=1779876361
active,Step-Ins 3.0 Women - Dusty Pink - 37,https://cdn.shopify.com/s/files/1/0559/2694/7921/files/Pammys_Step-In_Dusty-Pink_1_a8140cce-e13c-4e16-82d5-c4e49d813d47.jpg?v=1779876361
active,Step-Ins 3.0 Women - Dusty Pink - 38,https://cdn.shopify.com/s/files/1/0559/2694/7921/files/Pammys_Step-In_Dusty-Pink_1_a8140cce-e13c-4e16-82d5-c4e49d813d47.jpg?v=1779876361
active,Step-Ins 3.0 Women - Dusty Pink - 39,https://cdn.shopify.com/s/files/1/0559/2694/7921/files/Pammys_Step-In_Dusty-Pink_1_a8140cce-e13c-4e16-82d5-c4e49d813d47.jpg?v=1779876361
active,Step-Ins 3.0 Women - Dusty Pink - 40,https://cdn.shopify.com/s/files/1/0559/2694/7921/files/Pammys_Step-In_Dusty-Pink_1_a8140cce-e13c-4e16-82d5-c4e49d813d47.jpg?v=1779876361
active,Step-Ins 3.0 Women - Dusty Pink - 41,https://cdn.shopify.com/s/files/1/0559/2694/7921/files/Pammys_Step-In_Dusty-Pink_1_a8140cce-e13c-4e16-82d5-c4e49d813d47.jpg?v=1779876361
active,Step-Ins 3.0 Women - Dusty Pink - 42,https://cdn.shopify.com/s/files/1/0559/2694/7921/files/Pammys_Step-In_Dusty-Pink_1_a8140cce-e13c-4e16-82d5-c4e49d813d47.jpg?v=1779876361
active,Step-Ins 3.0 Women - Dusty Pink - 43,https://cdn.shopify.com/s/files/1/0559/2694/7921/files/Pammys_Step-In_Dusty-Pink_1_a8140cce-e13c-4e16-82d5-c4e49d813d47.jpg?v=1779876361
active,Step-Ins 3.0 Women - Lemon Cream - 36,https://cdn.shopify.com/s/files/1/0559/2694/7921/files/Pammys_Step-In_Lemon-Cream_1_d41885b8-0660-4d43-bc02-b8569fc420d0.jpg?v=1779876304
active,Step-Ins 3.0 Women - Lemon Cream - 37,https://cdn.shopify.com/s/files/1/0559/2694/7921/files/Pammys_Step-In_Lemon-Cream_1_d41885b8-0660-4d43-bc02-b8569fc420d0.jpg?v=1779876304
active,Step-Ins 3.0 Women - Lemon Cream - 38,https://cdn.shopify.com/s/files/1/0559/2694/7921/files/Pammys_Step-In_Lemon-Cream_1_d41885b8-0660-4d43-bc02-b8569fc420d0.jpg?v=1779876304
active,Step-Ins 3.0 Women - Lemon Cream - 39,https://cdn.shopify.com/s/files/1/0559/2694/7921/files/Pammys_Step-In_Lemon-Cream_1_d41885b8-0660-4d43-bc02-b8569fc420d0.jpg?v=1779876304
active,Step-Ins 3.0 Women - Lemon Cream - 40,https://cdn.shopify.com/s/files/1/0559/2694/7921/files/Pammys_Step-In_Lemon-Cream_1_d41885b8-0660-4d43-bc02-b8569fc420d0.jpg?v=1779876304
active,Step-Ins 3.0 Women - Lemon Cream - 41,https://cdn.shopify.com/s/files/1/0559/2694/7921/files/Pammys_Step-In_Lemon-Cream_1_d41885b8-0660-4d43-bc02-b8569fc420d0.jpg?v=1779876304
active,Step-Ins 3.0 Women - Lemon Cream - 42,https://cdn.shopify.com/s/files/1/0559/2694/7921/files/Pammys_Step-In_Lemon-Cream_1_d41885b8-0660-4d43-bc02-b8569fc420d0.jpg?v=1779876304
active,Step-Ins 3.0 Women - Lemon Cream - 43,https://cdn.shopify.com/s/files/1/0559/2694/7921/files/Pammys_Step-In_Lemon-Cream_1_d41885b8-0660-4d43-bc02-b8569fc420d0.jpg?v=1779876304
active,Step-Ins 3.0 Women - Silver Grey - 36,https://cdn.shopify.com/s/files/1/0559/2694/7921/files/Pammys_Step-In_Silver-Grey_1_c4fbdb78-a79c-4106-a6e9-b1fd9c3c4f82.jpg?v=1779876248
active,Step-Ins 3.0 Women - Silver Grey - 37,https://cdn.shopify.com/s/files/1/0559/2694/7921/files/Pammys_Step-In_Silver-Grey_1_c4fbdb78-a79c-4106-a6e9-b1fd9c3c4f82.jpg?v=1779876248
active,Step-Ins 3.0 Women - Silver Grey - 38,https://cdn.shopify.com/s/files/1/0559/2694/7921/files/Pammys_Step-In_Silver-Grey_1_c4fbdb78-a79c-4106-a6e9-b1fd9c3c4f82.jpg?v=1779876248
active,Step-Ins 3.0 Women - Silver Grey - 39,https://cdn.shopify.com/s/files/1/0559/2694/7921/files/Pammys_Step-In_Silver-Grey_1_c4fbdb78-a79c-4106-a6e9-b1fd9c3c4f82.jpg?v=1779876248
active,Step-Ins 3.0 Women - Silver Grey - 40,https://cdn.shopify.com/s/files/1/0559/2694/7921/files/Pammys_Step-In_Silver-Grey_1_c4fbdb78-a79c-4106-a6e9-b1fd9c3c4f82.jpg?v=1779876248
active,Step-Ins 3.0 Women - Silver Grey - 41,https://cdn.shopify.com/s/files/1/0559/2694/7921/files/Pammys_Step-In_Silver-Grey_1_c4fbdb78-a79c-4106-a6e9-b1fd9c3c4f82.jpg?v=1779876248
active,Step-Ins 3.0 Women - Silver Grey - 42,https://cdn.shopify.com/s/files/1/0559/2694/7921/files/Pammys_Step-In_Silver-Grey_1_c4fbdb78-a79c-4106-a6e9-b1fd9c3c4f82.jpg?v=1779876248
active,Step-Ins 3.0 Women - Silver Grey - 43,https://cdn.shopify.com/s/files/1/0559/2694/7921/files/Pammys_Step-In_Silver-Grey_1_c4fbdb78-a79c-4106-a6e9-b1fd9c3c4f82.jpg?v=1779876248
active,Step-Ins 3.0 Women - Tornado Grey - 36,https://cdn.shopify.com/s/files/1/0559/2694/7921/files/Pammys_Step-Ins3_0_grey_productshot_1.jpg?v=1778255165
active,Step-Ins 3.0 Women - Tornado Grey - 37,https://cdn.shopify.com/s/files/1/0559/2694/7921/files/Pammys_Step-Ins3_0_grey_productshot_1.jpg?v=1778255165
active,Step-Ins 3.0 Women - Tornado Grey - 38,https://cdn.shopify.com/s/files/1/0559/2694/7921/files/Pammys_Step-Ins3_0_grey_productshot_1.jpg?v=1778255165
active,Step-Ins 3.0 Women - Tornado Grey - 39,https://cdn.shopify.com/s/files/1/0559/2694/7921/files/Pammys_Step-Ins3_0_grey_productshot_1.jpg?v=1778255165
active,Step-Ins 3.0 Women - Tornado Grey - 40,https://cdn.shopify.com/s/files/1/0559/2694/7921/files/Pammys_Step-Ins3_0_grey_productshot_1.jpg?v=1778255165
active,Step-Ins 3.0 Women - Tornado Grey - 41,https://cdn.shopify.com/s/files/1/0559/2694/7921/files/Pammys_Step-Ins3_0_grey_productshot_1.jpg?v=1778255165
active,Step-Ins 3.0 Women - Tornado Grey - 42,https://cdn.shopify.com/s/files/1/0559/2694/7921/files/Pammys_Step-Ins3_0_grey_productshot_1.jpg?v=1778255165
active,Step-Ins 3.0 Women - Tornado Grey - 43,https://cdn.shopify.com/s/files/1/0559/2694/7921/files/Pammys_Step-Ins3_0_grey_productshot_1.jpg?v=1778255165
active,Step-Ins 3.0 Women - Urban Khaki - 36,https://cdn.shopify.com/s/files/1/0559/2694/7921/files/Pammys_Step-Ins3_0_khaki_productshot_1.jpg?v=1778255180
active,Step-Ins 3.0 Women - Urban Khaki - 37,https://cdn.shopify.com/s/files/1/0559/2694/7921/files/Pammys_Step-Ins3_0_khaki_productshot_1.jpg?v=1778255180
active,Step-Ins 3.0 Women - Urban Khaki - 38,https://cdn.shopify.com/s/files/1/0559/2694/7921/files/Pammys_Step-Ins3_0_khaki_productshot_1.jpg?v=1778255180
active,Step-Ins 3.0 Women - Urban Khaki - 39,https://cdn.shopify.com/s/files/1/0559/2694/7921/files/Pammys_Step-Ins3_0_khaki_productshot_1.jpg?v=1778255180
active,Step-Ins 3.0 Women - Urban Khaki - 40,https://cdn.shopify.com/s/files/1/0559/2694/7921/files/Pammys_Step-Ins3_0_khaki_productshot_1.jpg?v=1778255180
active,Step-Ins 3.0 Women - Urban Khaki - 41,https://cdn.shopify.com/s/files/1/0559/2694/7921/files/Pammys_Step-Ins3_0_khaki_productshot_1.jpg?v=1778255180
active,Step-Ins 3.0 Women - Urban Khaki - 42,https://cdn.shopify.com/s/files/1/0559/2694/7921/files/Pammys_Step-Ins3_0_khaki_productshot_1.jpg?v=1778255180
active,Step-Ins 3.0 Women - Urban Khaki - 43,https://cdn.shopify.com/s/files/1/0559/2694/7921/files/Pammys_Step-Ins3_0_khaki_productshot_1.jpg?v=1778255180
active,Retro Sneaker 2.0 - Copper Blush - 36,https://cdn.shopify.com/s/files/1/0559/2694/7921/files/Pammys_Step-In_Cooper-Blush_1.jpg?v=1779864941
active,Retro Sneaker 2.0 - Copper Blush - 37,https://cdn.shopify.com/s/files/1/0559/2694/7921/files/Pammys_Step-In_Cooper-Blush_1.jpg?v=1779864941
active,Retro Sneaker 2.0 - Copper Blush - 38,https://cdn.shopify.com/s/files/1/0559/2694/7921/files/Pammys_Step-In_Cooper-Blush_1.jpg?v=1779864941
active,Retro Sneaker 2.0 - Copper Blush - 39,https://cdn.shopify.com/s/files/1/0559/2694/7921/files/Pammys_Step-In_Cooper-Blush_1.jpg?v=1779864941
active,Retro Sneaker 2.0 - Copper Blush - 40,https://cdn.shopify.com/s/files/1/0559/2694/7921/files/Pammys_Step-In_Cooper-Blush_1.jpg?v=1779864941
active,Retro Sneaker 2.0 - Copper Blush - 41,https://cdn.shopify.com/s/files/1/0559/2694/7921/files/Pammys_Step-In_Cooper-Blush_1.jpg?v=1779864941
active,Retro Sneaker 2.0 - Copper Blush - 42,https://cdn.shopify.com/s/files/1/0559/2694/7921/files/Pammys_Step-In_Cooper-Blush_1.jpg?v=1779864941
active,Retro Sneaker 2.0 - Copper Blush - 43,https://cdn.shopify.com/s/files/1/0559/2694/7921/files/Pammys_Step-In_Cooper-Blush_1.jpg?v=1779864941